port_name,from_count,to_count,latitude,longitude,anchor_count,total_mentions
BATAVIA,26894.0,33889.0,-6.1,106.86,434.0,61217.0
LA CORUÑA,16117.0,14882.0,43.36,-8.36,145.0,31144.0
MONTEVIDEO,11976.0,10033.0,-34.89,-56.21,92.0,22101.0
ROTTERDAM,10096.0,7215.0,51.0,1.11,1.0,17312.0
SPITHEAD,9180.0,7684.0,50.525000000000006,-1.115,2.0,16866.0
NEDERLAND,9770.0,7022.0,52.0,5.0,,16792.0
LA HABANA,7893.0,8156.0,23.48,-80.91,5.0,16054.0
CÁDIZ,7222.0,8719.0,36.525000000000006,-6.41,2.0,15943.0
NIEUWEDIEP,6790.0,8748.0,52.155,3.27,20.0,15558.0
TEXEL,7102.0,4915.0,52.615,4.175000000000001,12.0,12029.0
HELLEVOETSLUIS,5387.0,5228.0,51.81,4.08,96.0,10711.0
DOWNS,4902.0,4952.0,51.2,1.4,,9854.0
MADRAS,2423.0,6748.0,13.08,80.27,,9171.0
ST HELENA,3038.0,5718.0,-16.02,-5.08,47.0,8803.0
SURINAME,3139.0,4577.0,6.095000000000001,-54.485,4.0,7720.0
PLYMOUTH,5174.0,2364.0,50.35,-4.16,16.0,7554.0
TABLE BAY,4059.0,2994.0,-33.9,18.4,,7053.0
MIDDELBURG,3267.0,2356.0,51.5,3.6,,5623.0
JAVA HEAD,5374.0,204.0,-6.75,105.2,,5578.0
BOMBAY,1481.0,4012.0,18.93,72.85,2.0,5495.0
PORTSMOUTH,3763.0,1273.0,50.2,-1.58,1.0,5037.0
CURACAO,3456.0,1516.0,12.21,-68.34,24.0,4996.0
AMSTERDAM,2552.0,2432.0,52.77,3.97,1.0,4985.0
UK,967.0,3750.0,51.5,-0.1,,4717.0
RIO DE JANEIRO,2255.0,2159.0,-22.9,-43.16,32.0,4446.0
KAAP DE GOEDE HOOP,1264.0,3114.0,-34.12,18.23,9.0,4387.0
JAVA,1601.0,2591.0,-7.5,110.0,,4192.0
CADIZ,1761.0,1845.0,36.53,-6.3,1.0,3607.0
BARBADOS,396.0,2968.0,13.095,-58.93,2.0,3366.0
PARAMARIBO,1373.0,1860.0,5.83,-55.15,130.0,3363.0
GRAVESEND,2210.0,1142.0,51.44,0.37,,3352.0
MADEIRA,2354.0,839.0,32.95,-15.88,3.0,3196.0
BREST,1540.0,1424.0,48.34,-5.385,12.0,2976.0
NEW YORK,1294.0,1590.0,40.75,-73.97,34.0,2918.0
VLISSINGEN,1302.0,1537.0,51.45,3.58,1.0,2840.0
RAMMEKENS,1940.0,710.0,51.45,3.65,,2650.0
HALIFAX,1241.0,1395.0,,,,2636.0
BENGAL,1004.0,1537.0,,,,2541.0
ROCHEFORT,1317.0,861.0,46.515,-1.97,2.0,2180.0
BROUWERSHAVEN,319.0,1771.0,51.75,3.9,19.0,2109.0
BANJOEWANGIE,1890.0,9.0,-8.2,114.35,,1899.0
CALCUTTA,675.0,1219.0,20.47,87.27,1.0,1895.0
SPITSBERGEN,544.0,1331.0,60.39,5.32,,1875.0
JAMAICA,1292.0,438.0,18.1,-77.3,,1730.0
FALMOUTH,1214.0,507.0,50.15,-5.07,,1721.0
DOWNS UK,790.0,923.0,51.2,1.4,,1713.0
SCHIEDAM,1090.0,599.0,,,,1689.0
CEYLON,276.0,1387.0,6.85,82.1,1.0,1664.0
MARTINIQUE,571.0,1064.0,15.65,-61.745000000000005,2.0,1637.0
CORK,1175.0,458.0,51.35,-8.815,2.0,1635.0
CAPE OF GOOD HOPE,585.0,1015.0,,,,1600.0
LISBON,621.0,907.0,38.68,-9.1,4.0,1532.0
SIMONS BAY,640.0,822.0,,,,1462.0
PADANG,862.0,591.0,-1.095,100.375,4.0,1457.0
MOTHERBANK,1063.0,344.0,,,,1407.0
ANTIGUA,686.0,715.0,17.12,-61.85,,1401.0
EL CALLAO,1049.0,340.0,-12.03,-77.16,1.0,1390.0
GUINEA,361.0,970.0,10.0,-10.0,,1331.0
ANTWERPEN,531.0,780.0,51.22,4.4,,1311.0
ST EUSTATIUS,612.0,570.0,17.5,-62.97,116.0,1298.0
ST GEORGE D'ELMINA,732.0,525.0,5.08,-1.34,21.0,1278.0
LONDON,839.0,423.0,,,,1262.0
MANILA,712.0,515.0,14.15,120.5,1.0,1228.0
SIMONSBAAI,530.0,618.0,-34.53,18.6,3.0,1151.0
SOERABAIJA,1012.0,113.0,-7.23,112.7,1.0,1126.0
TAFELBAAI,539.0,569.0,-34.225,18.175,12.0,1120.0
GULF OF GUINEA,609.0,455.0,4.0,2.0,,1064.0
BUENOS AIRES,646.0,404.0,-34.63,-58.33,8.0,1058.0
COASTAL,764.0,269.0,,,,1033.0
THE NETHERLANDS,140.0,876.0,,,,1016.0
COLOMBO,139.0,858.0,6.91,79.86,15.0,1012.0
ST EUSTACIUS,334.0,633.0,17.5,-62.97,21.0,988.0
TJILATJAP,932.0,32.0,,,,964.0
WEST AFRIKA,579.0,376.0,,,,955.0
CANTON,549.0,399.0,19.98,113.85,1.0,949.0
LOUISBOURG,337.0,572.0,46.22,-59.29,3.0,912.0
ELMINA,627.0,274.0,5.08,-1.34,6.0,907.0
ST JOHNS,491.0,414.0,,,,905.0
GIBRALTAR,509.0,390.0,36.19,-5.21,1.0,900.0
SANTA CATALINA,511.0,374.0,-27.62,-48.58,1.0,886.0
MACAO,485.0,363.0,22.17,113.54,38.0,886.0
SOERABAYA,656.0,192.0,-7.23,112.7,2.0,850.0
CURAÇAO,567.0,268.0,12.34,-68.5,4.0,839.0
ANJENGO,574.0,226.0,,,,800.0
TRINCOMALEE,518.0,280.0,8.57,81.22,1.0,799.0
TORBAY,747.0,52.0,,,,799.0
DEPTFORD,196.0,596.0,,,,792.0
BOSTON,277.0,507.0,,,,784.0
ZIERIKZEE,316.0,453.0,50.775,0.8899999999999999,2.0,771.0
YORK FACTORY,294.0,475.0,,,,769.0
CARTAGENA,406.0,355.0,10.4,-75.5,,761.0
HOLLAND,338.0,415.0,,,,753.0
BERMUDA,303.0,449.0,,,,752.0
FISHING GROUNDS,749.0,,,,,749.0
CHURCHILL,316.0,426.0,,,,742.0
CALLAO,662.0,48.0,-12.08,-77.93,1.0,711.0
GOTHENBURG,363.0,337.0,57.71,11.97,,700.0
PENANG,526.0,162.0,5.42,100.32,,688.0
VERACRUZ,255.0,430.0,19.2,-96.1,,685.0
PARIMARIBO,126.0,535.0,,,,661.0
LIVERPOOL,531.0,125.0,53.2,-4.63,2.0,658.0
KAAPSTAD,328.0,311.0,-34.68,18.12,1.0,640.0
CHARLESTOWN,324.0,310.0,,,,634.0
MAURITIUS,269.0,362.0,-20.17,57.5,2.0,633.0
LISSABON,262.0,366.0,39.0,-9.65,3.0,631.0
PORT JACKSON,175.0,449.0,,,,624.0
ST DOMINGUE,274.0,347.0,,,,621.0
BAHÍA DE CÁDIZ,206.0,413.0,,,,619.0
EL CALLAO (LIMA),564.0,52.0,-12.07,-77.15,,616.0
ST JAGO,463.0,133.0,14.92,-23.52,16.0,612.0
"DIAMOND HARBOUR, BENGAL",181.0,427.0,,,,608.0
MAKASSAR,120.0,478.0,-5.65,118.2,1.0,599.0
DORDRECHT,380.0,185.0,,,,565.0
BENKULEN,312.0,252.0,,,,564.0
PORT EGMONT,354.0,118.0,-51.7,-57.85,86.0,558.0
NEW ZEALAND,103.0,451.0,-41.0,174.0,,554.0
PORT ROYAL,391.0,156.0,17.94,-76.84,,547.0
SIMON'S BAY,333.0,206.0,,,,539.0
MELBOURNE,112.0,427.0,,,,539.0
CARLISLE BAY,65.0,472.0,,,,537.0
PORT LOUIS,341.0,180.0,-20.17,57.5,10.0,531.0
GUADELOUPE,354.0,175.0,16.25,-61.58,,529.0
MADAGASCAR,132.0,394.0,,,,526.0
TENERIFFE,435.0,89.0,,,,524.0
FORT ROYAL,184.0,268.0,14.59,-61.07,71.0,523.0
BASSE TERRE,349.0,160.0,16.23,-61.53,10.0,519.0
VALPARAISO,123.0,380.0,-33.08,-71.67,6.0,509.0
ST THOMAS,437.0,66.0,17.96,-65.14500000000001,4.0,507.0
DOWNS VIA ST HELENA,,501.0,51.2,1.4,,501.0
CAP,291.0,204.0,19.74,-72.19,5.0,500.0
GOLF VAN GUINEE,331.0,143.0,,,,474.0
ESTRECHO DE MAGALLANES,184.0,276.0,,,,460.0
LONDEN,427.0,27.0,,,,454.0
OOST INDIE,220.0,230.0,,,,450.0
FUNCHAL,276.0,165.0,32.63,-16.88,5.0,446.0
UNKNOWN,333.0,96.0,,,,429.0
LIZARD,258.0,170.0,,,,428.0
JOHANNA,135.0,282.0,-12.13,44.4,10.0,427.0
QUÉBEC,147.0,257.0,,,,404.0
CAPE,212.0,189.0,,,,401.0
KEDGEREE,352.0,42.0,,,,394.0
SANDWICH ISLANDS,129.0,262.0,21.3,-157.8,,391.0
FERROL,312.0,73.0,43.6,-8.65,1.0,386.0
MOCHA,52.0,333.0,13.32,43.25,,385.0
NEWFOUNDLAND,77.0,299.0,,,,376.0
SAN BLAS,196.0,178.0,21.9,-106.96,1.0,375.0
RIVER PLATE,164.0,206.0,,,,370.0
SANTA CATALINA (BRASIL),106.0,263.0,,,,369.0
BARCELONA,301.0,67.0,41.39,2.17,,368.0
NORTHERLY FISHING GROUNDS,262.0,106.0,,,,368.0
BENKULEU,1.0,367.0,,,,368.0
COASTAL EAST INDIA,183.0,183.0,,,,366.0
PUERTO RICO,70.0,178.0,18.48,-66.13,115.0,363.0
STA. CATHALINA (BRASIL),159.0,204.0,,,,363.0
SAUGOR ROADS,122.0,235.0,,,,357.0
PORTO PRAYA,282.0,63.0,14.92,-23.52,11.0,356.0
CAPE COAST,246.0,105.0,5.1,-1.25,,351.0
PORT JACKSON AUSTRALIA,186.0,163.0,-25.0,135.0,,349.0
MALACCA,163.0,182.0,2.17,102.24,2.0,347.0
GALLE,245.0,12.0,6.0,80.2,90.0,347.0
LONG REACH,,344.0,,,,344.0
PRINCE OF WALES ISLAND,35.0,306.0,,,,341.0
BALI,333.0,,,,,333.0
ST KITTS,282.0,49.0,17.3,-62.73,,331.0
AKIJAB,191.0,139.0,19.87,92.5,1.0,331.0
FORT ST DAVID,70.0,250.0,11.77,79.78,10.0,330.0
SANTA CRUZ,213.0,84.0,28.45,-16.25,30.0,327.0
CADIX,240.0,85.0,,,,325.0
WEST INDIES,257.0,59.0,,,,316.0
LIMA,263.0,50.0,-12.04,-77.03,,313.0
WOOLWICH,,313.0,,,,313.0
BLACKWALL,,310.0,,,,310.0
RIO DE LA PLATA,34.0,271.0,-35.0,-54.78,1.0,306.0
NIEUWE DIEP,226.0,78.0,52.77,4.42,2.0,306.0
PANAROEKAN,288.0,17.0,,,,305.0
PORTLAND,305.0,,,,,305.0
NORE,65.0,239.0,,,,304.0
PORT ROYAL JAMAICA,214.0,89.0,18.1,-77.3,,303.0
"PORT EGMONT, FALKLAND ISLANDS",126.0,176.0,-51.8,-59.0,,302.0
ENGLAND,178.0,123.0,,,,301.0
ST MAARTEN,211.0,85.0,17.715,-62.52,4.0,300.0
BRAMSPUNT,194.0,101.0,6.07,-55.17,5.0,300.0
GUINEE,112.0,186.0,,,,298.0
TRINCOMALE,138.0,158.0,,,,296.0
DIXCOVE,93.0,199.0,,,,292.0
ST AUGUSTINES,85.0,204.0,-23.4,43.66,1.0,290.0
CHARLES TOWN,177.0,111.0,,,,288.0
HAMPTON ROAD,95.0,189.0,,,,284.0
VIRGINIA,145.0,138.0,,,,283.0
MOOSE,93.0,190.0,,,,283.0
SAMARANG,123.0,150.0,-6.65,110.32,9.0,282.0
SOERABAJA,253.0,26.0,-7.23,112.7,3.0,282.0
SAN FRANCISCO,140.0,139.0,37.5,-122.68,1.0,280.0
FAYAL,159.0,119.0,38.63,-29.85,1.0,279.0
SISIRÁN,275.0,,,,,275.0
SAN BLAS (NUEVA ESPAÑA),,275.0,,,,275.0
SENEGAL,124.0,150.0,14.7,-17.45,,274.0
ST AUGUSTINE,181.0,90.0,,,,271.0
HARTLEPOOL,262.0,7.0,54.38,0.4,1.0,270.0
ST PIERRE,121.0,141.0,14.73,-61.18,5.0,267.0
WILLEMSOORD,138.0,129.0,,,,267.0
EUROPA,105.0,162.0,,,,267.0
WAMPOE,102.0,164.0,,,,266.0
"PORT ROYAL, JAMAICA",189.0,76.0,18.1,-77.3,,265.0
PUNTO GALE,160.0,92.0,6.02,80.22,9.0,261.0
BANGOEWANGIE,261.0,,,,,261.0
ST. HELENA,107.0,153.0,,,,260.0
EL MINA,181.0,77.0,,,,258.0
PENANG VIA ST HELENA,,253.0,5.42,100.32,,253.0
POINT DE GALLE,251.0,,6.03,80.22,,251.0
SIERRA LEONE,93.0,156.0,8.684999999999999,-13.415,2.0,251.0
ISLA SANTA CATALINA (BRASIL),23.0,227.0,,,,250.0
SANTA CATHALINA,150.0,99.0,,,,249.0
CÁDIZ?,4.0,244.0,,,,248.0
TAHITI,67.0,180.0,-17.68,-149.45,,247.0
HAVANA,156.0,89.0,23.13,-82.38,,245.0
FUNCHAL ROAD,201.0,44.0,,,,245.0
BANJOEWANGI,243.0,,,,,243.0
AFRIKA,125.0,117.0,,,,242.0
ANNABONA,167.0,73.0,,,,240.0
TILLICHERRY,121.0,118.0,11.73,75.48,1.0,240.0
FALKLAND ISLANDS,200.0,39.0,-51.8,-59.0,,239.0
BERGEN,4.0,233.0,60.4,5.3,2.0,239.0
WEST-INDIE,120.0,117.0,,,,237.0
WEST AFRICA,52.0,185.0,8.0,-5.0,,237.0
CARIBEAN,81.0,155.0,,,,236.0
BORDEAUX,101.0,134.0,44.84,-0.58,,235.0
BANJOUWANGIE,233.0,,,,,233.0
CHINA,,231.0,31.2,121.5,,231.0
CABO DE GOEDE HOOP,,225.0,-34.06,18.15,4.0,229.0
ESPAÑA (CÁDIZ?),,227.0,,,,227.0
NIEUWENDIEP,107.0,115.0,52.28,3.28,1.0,223.0
WHAMPOA,163.0,59.0,,,,222.0
HUDSON BAY MOOSE,126.0,95.0,,,,221.0
KASSERAIJEN,,220.0,,,,220.0
SAN SEBASTIAN,133.0,85.0,-23.8,-45.6,2.0,220.0
ESTRECHO DE MAGELLANES,99.0,120.0,,,,219.0
"ST JOHNS, NEWFOUNDLAND",126.0,90.0,,,,216.0
ACAPULCO,49.0,165.0,16.85,-99.9,,214.0
SURINAME VIA WEST AFRIKA,,213.0,,,,213.0
RIO BERBICE,83.0,129.0,6.3,-57.5,,212.0
ISLE D'AIX,126.0,84.0,46.58,-4.67,1.0,211.0
BEACHY HEAD,76.0,134.0,,,,210.0
TOULON,150.0,60.0,43.12,5.93,,210.0
"AUGUSTINE BAY, MADAGASCAR",115.0,94.0,,,,209.0
DEN HELDER,108.0,99.0,,,,207.0
SANDY HOOK,184.0,21.0,,,,205.0
GRAVESEND UK,205.0,,51.5,-0.1,,205.0
LAGOS BAY,201.0,,,,,201.0
CALLAO DE LIMA,,199.0,-12.07,-77.15,,199.0
HAMPTON,107.0,90.0,37.0,-76.2,1.0,198.0
CAYENNE,85.0,111.0,4.845000000000001,-52.175,2.0,198.0
EL FERROL,196.0,,43.0,-9.5,1.0,197.0
ST JOHNS NEWFOUNDLAND,80.0,116.0,,,,196.0
MAR PACÍFICO,,193.0,,,,193.0
"HAMPTON ROAD, VIRGINIA",115.0,77.0,,,,192.0
RAMEKENS,190.0,,,,,190.0
PENANG VIA FUNCHAL AND TABLE BAY,,189.0,-33.9,18.4,,189.0
COASTAL SURINAME,186.0,,,,,186.0
BENKULEU VIA ST HELENA,,185.0,,,,185.0
FERDINANDO LORONHO,143.0,38.0,-3.85,-32.42,4.0,185.0
HAMPTON ROAD VIRGINIA,10.0,175.0,,,,185.0
MOUNTSBAAI,2.0,181.0,,,,183.0
KUST VAN GUINEA EN SURINAME,,183.0,6.0,-2.0,,183.0
RIO,109.0,73.0,,,,182.0
COCHIN,88.0,88.0,9.96,76.25,5.0,181.0
WHAMPOE,,180.0,,,,180.0
ST CATHERINE,111.0,68.0,-27.35,-47.67,1.0,180.0
MALAGA,69.0,110.0,36.72,-4.42,,179.0
CHARILLO,115.0,63.0,-12.67,-77.06,1.0,179.0
DOVER,177.0,,51.48,1.52,1.0,178.0
QUEBEC,78.0,100.0,,,,178.0
CANTON VIA AUSTRALIA,,178.0,23.13,113.27,,178.0
LOUISBOURG ET RETOUR A ROCHEFORT,,176.0,,,,176.0
STRAAT SUNDA,108.0,48.0,-6.0,105.9,19.0,175.0
ST JOHN'S NEWFOUNDLAND,60.0,114.0,,,,174.0
CUBA,137.0,35.0,,,,172.0
DEMERARY,63.0,108.0,,,,171.0
COWES ROAD,171.0,,,,,171.0
AXIM,148.0,18.0,4.86,-2.25,5.0,171.0
BATAVIA (VIA ST HELENA),,170.0,,,,170.0
TIMOR,146.0,24.0,-8.56,125.57,,170.0
HONG KONG,147.0,22.0,,,,169.0
"ACHEAN HEAD, SUMATRA",168.0,,,,,168.0
BOMBAY VIA JOHANNA,,168.0,,,,168.0
PHILADELPHIA,54.0,114.0,,,,168.0
CARLISE BAY,,168.0,,,,168.0
ST HELLENA,74.0,73.0,-15.95,-5.72,21.0,168.0
ASCENSION,126.0,32.0,-7.95,-14.37,9.0,167.0
MANILLA,145.0,21.0,14.65,119.62,1.0,167.0
DOMINIOS DE AMÉRICA,,166.0,,,,166.0
SUMBAVA (E BALI),,165.0,,,,165.0
MONSERRAT,80.0,85.0,,,,165.0
ST THOMAS (SAO TOME),165.0,,18.34,-64.93,,165.0
CHRISTMAS ISLAND,,165.0,,,,165.0
MONTEREY,110.0,45.0,36.66,-121.9,10.0,165.0
ALL SAINTS BAY,,165.0,,,,165.0
SAUGER ROADS,164.0,,,,,164.0
INGERLEE,164.0,,,,,164.0
ST. EUSTATIUS,56.0,108.0,,,,164.0
KAAP DE GOEDE HOOP VIA O. INDIE,58.0,105.0,,,,163.0
TALCAGUANA,43.0,97.0,-36.76,-73.17,23.0,163.0
CAVITÉ,118.0,,14.5,120.92,44.0,162.0
PORT DESIRE,20.0,141.0,,,,161.0
KAAP LAHOE,117.0,44.0,,,,161.0
CAP DE BONNE-ESPÉRANCE,67.0,93.0,-34.1,17.96,1.0,161.0
NAGASAKI,70.0,90.0,32.75,129.88,,160.0
BARBADOES,,160.0,,,,160.0
CAVITE,,156.0,14.5,120.92,3.0,159.0
DIEGO GARCIA,38.0,55.0,-7.23,72.4,65.0,158.0
CASSERIJEN,157.0,,,,,157.0
EL CALLAO DE LIMA,130.0,27.0,-12.07,-77.15,,157.0
HOBART,54.0,103.0,,,,157.0
SAN SALVADOR,28.0,129.0,,,,157.0
BERGEN (NORWAY),,156.0,60.39,5.32,,156.0
"CARLISLE BAY, BARBADOS",29.0,127.0,,,,156.0
CHARLESTON,96.0,60.0,,,,156.0
CAPE HENRY,33.0,123.0,,,,156.0
MONTEVIDEO Y VUELTA,68.0,87.0,,,,155.0
BANJOEMANGIE,155.0,,,,,155.0
HAVANNA,126.0,27.0,23.27,-82.49,1.0,154.0
AVATSCHA,116.0,37.0,53.02,159.03,1.0,154.0
FORT ST DAVIDS ROAD,118.0,26.0,11.77,79.8,10.0,154.0
MALDONADO,18.0,131.0,-34.92,-54.96,3.0,152.0
FERNANDO NORONHA,49.0,103.0,,,,152.0
HELVOETSLUIS,97.0,54.0,51.33,1.72,1.0,152.0
ST GEORGE D'ELMINAR,52.0,100.0,5.08,-1.35,,152.0
FORT AMSTERDAM,76.0,75.0,6.05,-54.73,1.0,152.0
AZORES,23.0,128.0,,,,151.0
COLUMBO,,151.0,,,,151.0
CALICUT,,150.0,,,,150.0
GUJANA,89.0,61.0,,,,150.0
DUINS,84.0,65.0,,,,149.0
BOMBAY HARBOUR,,146.0,18.93,72.85,2.0,148.0
FORT ST FRANCISCO,64.0,84.0,,,,148.0
WIJNKOPERS BAAI,148.0,,,,,148.0
CEIJLON,19.0,129.0,,,,148.0
COX'S ISLAND (BENGAL),147.0,,,,,147.0
MADRAS VIA JOHANNA,,147.0,13.08,80.27,,147.0
PONDICHERRY,147.0,,11.93,79.83,,147.0
BAIE DE CHIBOUCTOU-ROCHEFORT,,146.0,,,,146.0
 ROCHEFORT,146.0,,,,,146.0
AMBON,35.0,102.0,-3.68,128.16,8.0,145.0
IERLAND,,144.0,,,,144.0
BRISTOL,129.0,15.0,51.45,-2.58,,144.0
EQUATOR,143.0,,,,,143.0
ADELAIDE,35.0,107.0,,,,142.0
SAO TOME,95.0,46.0,0.33,6.74,1.0,142.0
QUILON,141.0,,,,,141.0
STA CATALINA Y MONTEVIDEO,,141.0,,,,141.0
LE HAVRE,102.0,39.0,49.49,0.11,,141.0
"FAYAL, AZORES",57.0,83.0,,,,140.0
AMÉRICA MERIDIONAL,,140.0,,,,140.0
SOURABAIJA,10.0,23.0,-7.23,112.7,106.0,139.0
"BENKULEN, SUMATRA",,138.0,,,,138.0
ST SALVADOR,84.0,53.0,-13.13,-38.2,1.0,138.0
PORT MAHON,60.0,78.0,,,,138.0
MACCAO,,137.0,,,,137.0
KINSALE,111.0,26.0,,,,137.0
EL CALLAO - LIMA,,136.0,-12.07,-77.15,,136.0
PORT DES FRANCAIS,73.0,34.0,58.6,-137.65,29.0,136.0
DUNGENESS,136.0,,,,,136.0
L'ILE D'AIX,135.0,1.0,,,,136.0
NIEUW DIEP,,135.0,52.58,4.25,1.0,136.0
THE DOWNS,60.0,76.0,51.2,1.4,,136.0
CAAP DE GOEDE HOOP,76.0,59.0,,,,135.0
"MALDONADO, RIVER PLATE",,135.0,,,,135.0
"MURRAYS ANCHORAGE, BERMUDA",63.0,72.0,,,,135.0
PUERTO RESERVADO,,133.0,,,,133.0
MALAYSIA,93.0,40.0,,,,133.0
STRAAT BALI,133.0,,,,,133.0
FORT ST GEORGE,,133.0,,,,133.0
ST MARYS MADAGASCAR,126.0,6.0,,,,132.0
CAPE GOOD HOPE,109.0,23.0,,,,132.0
HET NIEUWE DIEP,132.0,,,,,132.0
BRISTOL CHANNEL,,132.0,51.45,-2.58,,132.0
PENANG (VIA FUNCHAL),,131.0,5.42,100.32,,131.0
PRINCES ISLAND,122.0,9.0,,,,131.0
PORT PHILIP,31.0,99.0,-37.9,144.9,1.0,131.0
COASTAL GULF OF GUINEE,131.0,,,,,131.0
MADAS,131.0,,,,,131.0
LOMBOCK,130.0,,,,,130.0
L'ISLE D'AIX,86.0,43.0,46.6,-2.5,1.0,130.0
SOURABAYA,27.0,103.0,,,,130.0
DOMINICA,,130.0,15.42,-61.35,,130.0
CRUISING WESTERN APPROACHES,,129.0,,,,129.0
MOTHERWELL,129.0,,,,,129.0
"PORTSMOUTH, VIA ST HELENA",129.0,,,,,129.0
PENANG VIA SIMONS BAY,,128.0,5.42,100.32,,128.0
ACCRAW,94.0,34.0,,,,128.0
TIERRA DEL FUEGO,77.0,50.0,,,,127.0
BENGAL VIA MADERIA,,127.0,,,,127.0
BENCOOLEN,69.0,57.0,-3.72,101.5,1.0,127.0
BALI (JAVA),127.0,,-7.5,110.0,,127.0
ST. AUGUSTINE MADAGASCAR,38.0,89.0,,,,127.0
SANTA CATALINA(BRASIL),17.0,109.0,,,,126.0
SINGAPORE (VIA ANGER),,126.0,1.35,103.82,,126.0
BAAI FALS,48.0,78.0,,,,126.0
NEW CASTLE,126.0,,,,,126.0
SANTA CATALINA Y DE ALLÍ A ESPAÑA,,126.0,,,,126.0
JAVA HEAD VIA ST HELENA,126.0,,-6.75,105.2,,126.0
"ST THOMAS, GULF OF GUINEA",126.0,,18.34,-64.93,,126.0
RODRIQUEZ,30.0,96.0,,,,126.0
WEST-AFRIKA,55.0,70.0,,,,125.0
"SPITSBERGEN, EDINBURGH",,124.0,60.39,5.32,,124.0
PUERTO DE MACAO,,124.0,22.2,113.55,,124.0
DELLAGO BAY,60.0,64.0,,,,124.0
CHILATJAP,113.0,11.0,,,,124.0
SAUGOR  ROADS,124.0,,,,,124.0
EASTER ISLAND,19.0,105.0,,,,124.0
BATAVIA-SOERABAYA,,124.0,,,,124.0
GOREE,,124.0,14.67,-17.4,,124.0
BAAI FALSO,50.0,73.0,,,,123.0
PANAMA,78.0,45.0,,,,123.0
DAVILICAN BAAI,17.0,106.0,,,,123.0
ST. THOMEE,122.0,1.0,,,,123.0
PLYMOUTH VIA ST HELENA,,122.0,,,,122.0
CARLISE BAY BARBADOS,,122.0,,,,122.0
MADAGASGAR,33.0,89.0,,,,122.0
BAHIA DE TODOS LOS SANTOS,73.0,47.0,-13.07,-38.48,1.0,121.0
CONCEPCIÓN (CHILE),36.0,85.0,,,,121.0
HAVANNAH,108.0,13.0,,,,121.0
YARMOUTH,121.0,,52.61,1.73,,121.0
ST JOHNS (NF),79.0,41.0,,,,120.0
NOORWEGEN,,120.0,,,,120.0
CARDIFF,120.0,,,,,120.0
BANGOWANGIE,120.0,,,,,120.0
ST MARTIN,91.0,24.0,17.725,-59.355,4.0,119.0
"ST MARIE, ISLE DE RHEE",119.0,,,,,119.0
PATJITAN,119.0,,,,,119.0
MARAÑÓN,67.0,51.0,-2.4,-44.29,1.0,119.0
PORTA PRAYA,101.0,18.0,,,,119.0
ST HELENS,119.0,,,,,119.0
SUNDU STRAIT VIA ST HELENA,,118.0,,,,118.0
DESCONOCIDO (CREO QUE ACAPULCO),118.0,,16.85,-99.9,,118.0
"COLOMBO, CEYLON",,116.0,7.0,80.0,,116.0
RIO DEMERARY,53.0,63.0,,,,116.0
NEVIS,38.0,78.0,17.15,-62.58,,116.0
NOUVELLE HOLLANDE,,116.0,,,,116.0
ALMERIE AUX L'ILLE DE TERRE NEUVE ET RETOUR A BRES,,115.0,,,,115.0
TIRIKUNAMALAYA,36.0,56.0,8.57,81.22,23.0,115.0
JAVA (XMAS ISLAND),,115.0,-7.5,110.0,,115.0
ROTERDAM,115.0,,,,,115.0
SUNDA STRAIGHT,,114.0,,,,114.0
"ST AUGUSTINS BAY, MADAGASCAR",33.0,81.0,,,,114.0
SUMBA (OFF JAVA),,113.0,-7.5,110.0,,113.0
SUMATRA,,113.0,,,,113.0
NORTHFLEET,,112.0,,,,112.0
LA MARTINIQUE,40.0,72.0,14.64,-61.02,,112.0
NEW PORT,112.0,,,,,112.0
MONTAGUE ISLE,104.0,6.0,59.7,-148.4,1.0,111.0
ST CATHARINE'S (SOUTH AMERICA),,111.0,,,,111.0
COSTA PATAGÓNICA,83.0,28.0,,,,111.0
PUNTO GALLE,29.0,81.0,6.03,80.22,,110.0
DELGADA BAY,48.0,62.0,,,,110.0
"BOMBAY, VIA FALSE BAY",,110.0,,,,110.0
HALIFAX (CHABUKTA HARBOUR),26.0,84.0,51.5,-0.1,,110.0
FILIPINAS,55.0,55.0,,,,110.0
EPPEE,110.0,,,,,110.0
CAPE CLEAR,110.0,,,,,110.0
ANJANGO,109.0,,,,,109.0
WAYGIOU,8.0,99.0,0.09,130.99,2.0,109.0
PRINCE OF WALES ISLAND (PENANG),109.0,,5.42,100.32,,109.0
ANJER ROAD JAVA,,109.0,-7.5,110.0,,109.0
SAN THOMÉ,109.0,,,,,109.0
CRUISING NORTH SEA,108.0,,,,,108.0
MALACCA TOWN,27.0,69.0,2.17,102.24,12.0,108.0
DUNNOSE,108.0,,,,,108.0
ALGOA BAAI,67.0,40.0,-34.18,25.4,1.0,108.0
NEDERLANDS INDIË,,108.0,52.0,5.0,,108.0
CAAP MONTE,,107.0,6.5,-11.0,1.0,108.0
MÁLAGA,37.0,71.0,,,,108.0
FRANKRIJK,108.0,,,,,108.0
SAN LORENZO DE NUCA,,107.0,,,,107.0
DESCONOCIDO,61.0,46.0,,,,107.0
CRAKATOA,107.0,,,,,107.0
NOAHIWA,70.0,36.0,-9.0,-140.08,1.0,107.0
MANGALORE,105.0,,12.84,74.81,2.0,107.0
BENGALL,88.0,19.0,,,,107.0
ST. NAZAIRE,66.0,41.0,,,,107.0
LA ROCHELLE,35.0,72.0,46.16,-1.15,,107.0
AMBOINE,59.0,45.0,-3.805,128.43,2.0,106.0
MONOPIN HILL,42.0,36.0,-2.0,105.1,28.0,106.0
ISLA DE SANTA CATALINA (SANTA CATARINA-BRASIL?),,106.0,,,,106.0
ST CRUZ,75.0,29.0,28.55,-16.165,2.0,106.0
BAIJ VAN DILAGOA,23.0,81.0,-26.0,32.75,1.0,105.0
CAPE PALLISSER NEW ZEALAND,105.0,,-41.0,174.0,,105.0
RIVER SHANNON,,105.0,,,,105.0
COROMANDEL,68.0,36.0,,,,104.0
SHANGHAI,52.0,52.0,,,,104.0
MADERIA,19.0,85.0,,,,104.0
TRINCOMALEE VIA FUNCHAL,,104.0,8.58,81.23,,104.0
BRETTS HARBOUR,1.0,1.0,-51.33,-60.2,102.0,104.0
LA CONCEPCIÓN DE CHILE,27.0,76.0,,,,103.0
PUERTO DE MONTEVIDEO,83.0,20.0,,,,103.0
CAPETOWN,31.0,72.0,,,,103.0
START POINT,11.0,92.0,,,,103.0
TERNEUZEN,102.0,,,,,102.0
CHILOÉ,75.0,27.0,,,,102.0
MEEUWEBAAI,12.0,90.0,,,,102.0
CRUISING THE WESTERN APPROACHES,59.0,43.0,,,,102.0
LA CÔTE DE CHINE,,100.0,22.17,114.81,1.0,101.0
LIMA (PISCO),101.0,,-12.04,-77.03,,101.0
NOUVELLE IRLANDE,45.0,54.0,-4.72,152.675,2.0,101.0
"CÁDIZ, LLEGANDO ANTES HASTA LAS AZORES",,101.0,,,,101.0
HOBARTTOWN,,100.0,,,,100.0
TRISTAN D'ACUNHA,58.0,42.0,,,,100.0
ISLA SANTA CATALINA,,100.0,,,,100.0
ST AUGUSTINS BAY,40.0,60.0,,,,100.0
SALDANHA,38.0,62.0,,,,100.0
NOUVELLE CALLEDONIË,99.0,,,,,99.0
I. SANTA CATALINA,,99.0,,,,99.0
ST BLAS,88.0,11.0,,,,99.0
ICELAND (COASTAL),99.0,,,,,99.0
BRUNSWICK,55.0,44.0,,,,99.0
LA GUAYRA,23.0,72.0,10.78,-67.14,3.0,98.0
SUNDA STRAIT,98.0,,,,,98.0
SOUTHSEA,,98.0,,,,98.0
ESTRECHO DE SAN BERNARDINO,98.0,,,,,98.0
ZANZIBAR,,97.0,-6.16,39.19,,97.0
LA BAIE DE LEGRAND,36.0,59.0,-34.114999999999995,121.8,2.0,97.0
VALSBAAI,,96.0,,,,96.0
WESTEREILANDEN,96.0,,,,,96.0
ST JAGO (SAO TIAGO),89.0,7.0,,,,96.0
GULF OF ADEN,26.0,70.0,12.79,45.03,,96.0
ST LUCIA,15.0,81.0,13.9,-61.0,,96.0
ISLA DEL PRINCIPE,96.0,,,,,96.0
RODRIGUEZ,,96.0,,,,96.0
JOANNA,17.0,78.0,,,,95.0
"BARNPOOL, PLYMOUTH",95.0,,,,,95.0
PORTHMOUTH,95.0,,,,,95.0
RODRIQUES (DIEGO RAY),45.0,50.0,,,,95.0
MOHILLA ISLAND,70.0,24.0,,,,94.0
CABENDAR ROAD,,94.0,,,,94.0
MORANDAVA (MADAGASCAR),34.0,60.0,,,,94.0
MARTINICO,,94.0,,,,94.0
GUIANA,,93.0,,,,93.0
AMBOYNA,93.0,,,,,93.0
FORT ST GEORGES,17.0,76.0,,,,93.0
"FORT ROYAL, MARTINIQUE",53.0,40.0,14.64,-61.02,,93.0
PORTUGAL,93.0,,,,,93.0
PRINCE RUPERT BAY,39.0,53.0,,,,92.0
DESEADA,23.0,69.0,,,,92.0
CAYMANS BAY (CAPE),27.0,64.0,,,,91.0
GAMRON,27.0,63.0,26.8,56.6,1.0,91.0
CARLISLE BAY BARBADOS,,91.0,,,,91.0
KEMA,19.0,69.0,1.26,125.36,2.0,90.0
MASAFUERA,90.0,,,,,90.0
ISLE TINIAN,,90.0,,,,90.0
NEW GUINEA,,89.0,-5.0,141.0,,89.0
CAPE ST NICHOLAS,89.0,,,,,89.0
CRUISE OFF CAPE,89.0,,,,,89.0
SENEGAL RIVER,58.0,31.0,14.7,-17.45,,89.0
PUERTO DE BRESTE,15.0,74.0,48.4,-4.5,,89.0
ZANTEME,88.0,,,,,88.0
SOURATTE,25.0,63.0,,,,88.0
STA. CATHALINA,87.0,,,,,87.0
WATERFORD,87.0,,,,,87.0
NEAR EQUATOR,87.0,,,,,87.0
PUERTO DE PAITA,87.0,,,,,87.0
DOWNES,,87.0,,,,87.0
MALAKKA,22.0,42.0,2.17,102.24,23.0,87.0
CONCEPCION DE CHILE,,86.0,,,,86.0
MONTEVIDEO Y RÍO DE LA PLATA,,86.0,,,,86.0
CARLISE BAY BARBADOES,,86.0,,,,86.0
CRUISING OFF GRAND BANKS,,86.0,,,,86.0
LOUISBOURG ET RETOUR A L'ISLE D'AIX,,85.0,,,,85.0
ILE MOWÉE,35.0,49.0,20.51,-156.09,1.0,85.0
NEW PROVIDENCE BAHAMAS,7.0,78.0,,,,85.0
TELLICHERRY,85.0,,,,,85.0
PACÍFICO,,85.0,,,,85.0
DOWNS UK VIA ST HELENA,,84.0,51.2,1.4,,84.0
ACHEEN (SUMATRA),84.0,,,,,84.0
ILE D'AIX,83.0,,46.3,-1.59,1.0,84.0
NAGAPATAN,,84.0,,,,84.0
TERNAL,8.0,75.0,45.22,137.48,1.0,84.0
NOVA SCOTIA,19.0,65.0,,,,84.0
TERRE NEUVE,14.0,70.0,,,,84.0
LOUISBOURG ET RTOUR A ROCHEFORT,,83.0,,,,83.0
AZOREN,20.0,63.0,,,,83.0
LA GUADELOUPE,43.0,39.0,15.57,-61.67,1.0,83.0
CABO BUENA ESPERANZA,,83.0,,,,83.0
MOUBAT,30.0,53.0,,,,83.0
ST CHRISTOFFEL,32.0,50.0,17.38,-61.57,1.0,83.0
ANGUILLA,82.0,,,,,82.0
RIVER BANJOR,22.0,39.0,-3.52,114.48,21.0,82.0
DEMERARA,,81.0,6.8,-58.15,,81.0
"PORT LOUIS, MAURITIUS",31.0,47.0,-20.15,57.47,3.0,81.0
KAAP MASURADO,,81.0,,,,81.0
ANNA DE CHACES,81.0,,,,,81.0
CAPE NICHOLAS,81.0,,,,,81.0
CARLISLE BAY FALKLAND ISLANDS,80.0,,-51.8,-59.0,,80.0
ST CATHARINES,29.0,51.0,,,,80.0
"NASSAU, BAHAMAS",30.0,50.0,,,,80.0
NANTES,32.0,47.0,47.22,-1.55,,79.0
FORT WILLIAM,79.0,,,,,79.0
PORTE PRAIJO,69.0,9.0,14.85,-23.55,1.0,79.0
KING GEORGE'S SOUND,33.0,46.0,,,,79.0
"ACHEEN HEAD, SUMATRA",78.0,,,,,78.0
HONFLEUR,78.0,,,,,78.0
"GRAND BANC, TERRE NEUVE ET RETOUR A HONFLEUR",,78.0,,,,78.0
GUERNSEY,77.0,,,,,77.0
MOCA MOCA SUMATRA,77.0,,,,,77.0
CAPE VERDE (DAKAR),77.0,,,,,77.0
BAAIJ FALSO,1.0,76.0,,,,77.0
PACÍFICO(MAR DEL SUR),,77.0,,,,77.0
CALCUTA,76.0,,,,,76.0
"SALVADOR, BRAZIL",,76.0,,,,76.0
TABLE BAY TOWARDS MADAGASCAR,76.0,,-33.9,18.4,,76.0
SAINT PIERRE-TERRE NEUVE,18.0,58.0,,,,76.0
"MAURITIUS, BATAVIA",,76.0,-20.2,57.5,,76.0
ICELAND,52.0,24.0,,,,76.0
CALLAO (LIMA),,76.0,-12.07,-77.15,,76.0
LEITH,,75.0,55.98,-3.17,,75.0
DIEGO RAYS (RODRIQUES),75.0,,,,,75.0
KAAP MONTE,,75.0,,,,75.0
"BACK BAY, TRINCOMALEE",27.0,48.0,8.58,81.23,,75.0
ST JOHNS (CRUISING),,75.0,,,,75.0
ST MARTINS,75.0,,,,,75.0
ANGOLA,,75.0,-8.84,13.23,,75.0
ISLA DE PASCUA Y EL CALLAO,,75.0,-12.07,-77.15,,75.0
PRINCES,74.0,,,,,74.0
HAVRE,61.0,13.0,,,,74.0
SCHAPENEILAND,4.0,70.0,,,,74.0
HAMOZE UK,,74.0,51.5,-0.1,,74.0
RHODE ISLAND,22.0,52.0,,,,74.0
CAPE CARAVELLA,37.0,37.0,,,,74.0
ILE DE PAQUE,51.0,21.0,-27.175,-109.06,2.0,74.0
QUILOA EAST AFRICA,74.0,,-9.0,39.5,,74.0
LOMBOCK (NR BALI),74.0,,,,,74.0
TRINIDADA,64.0,9.0,10.5,-61.25,,73.0
ARIKA,54.0,18.0,-18.48,-70.33,1.0,73.0
DOMINIQUE,67.0,6.0,,,,73.0
RIO DEMMERARY,73.0,,,,,73.0
CHATHAM,,73.0,51.38,0.52,,73.0
MARSEILLES,72.0,,43.3,5.37,,72.0
KUST VAN GUINEA,72.0,,6.0,-2.0,,72.0
SAJOR ROAD,72.0,,,,,72.0
SAUGOR ROAD,72.0,,,,,72.0
CAPE COMERIN,71.0,,8.06,77.55,1.0,72.0
ST MARY'S BAY MADAGASCAR,,,-16.98,49.85,72.0,72.0
ST GEORGES BERMUDA,,72.0,,,,72.0
SWANSEA,72.0,,,,,72.0
MARIE GALANTE,39.0,33.0,,,,72.0
PAMPUS,,72.0,,,,72.0
RÍO DE JANEIRO (BRASIL),,71.0,,,,71.0
CUMBAVA,71.0,,,,,71.0
"ST. AUGUSTINE, MADAGASCAR",,71.0,,,,71.0
MEDITERRANEAN,,71.0,,,,71.0
ACCRAH,70.0,,,,,70.0
CALCUTA.,70.0,,,,,70.0
ST JOHNS HARBOUR,34.0,36.0,,,,70.0
KUST VAN AFRIKA,,70.0,,,,70.0
ST HELENS ROAD UK,70.0,,51.5,-0.1,,70.0
GUINNEE (KAAP AXIM),70.0,,,,,70.0
MANZANILLA DE CUBA,68.0,2.0,,,,70.0
DRONTHEM,,69.0,,,,69.0
NANTASKEN,44.0,25.0,,,,69.0
ISLA DE PASCUA,27.0,42.0,,,,69.0
CARRICK ROAD,69.0,,,,,69.0
GIBRALTAR VIA ANTIGUA,,69.0,17.12,-61.85,,69.0
HAVANA (CUBA),68.0,,,,,68.0
BAHIA,30.0,27.0,-12.96,-38.51,11.0,68.0
SYDNEY,,68.0,,,,68.0
DARTMOUTH,,68.0,,,,68.0
PINANG,29.0,39.0,,,,68.0
GIBRALTOR VIA ANTIGUA,,68.0,17.12,-61.85,,68.0
ACHEEN,16.0,52.0,,,,68.0
GOA ROAD,55.0,9.0,15.47,73.77,4.0,68.0
FORT ZEELANDIA,13.0,54.0,,,,67.0
ACCRA,67.0,,5.55,-0.19,,67.0
WHITBY BAY UK,67.0,,51.5,-0.1,,67.0
BELIZE,50.0,15.0,17.240000000000002,-87.275,2.0,67.0
PRINSIES,44.0,23.0,,,,67.0
BRAAMSPUNT,15.0,51.0,6.21,-55.11,1.0,67.0
FLORIDA KEYS,59.0,8.0,,,,67.0
CAP FRANCAISE,49.0,17.0,19.74,-72.19,1.0,67.0
VOGLE SOUND,,67.0,,,,67.0
MELILLA,,66.0,,,,66.0
FALSE BAY,36.0,30.0,,,,66.0
SPITHEAD (VIA FYAL),,66.0,,,,66.0
MEDEMBLIK,66.0,,,,,66.0
KINGSTON,2.0,64.0,17.97,-76.79,,66.0
CROOKED ISLAND (BAHAMAS),66.0,,,,,66.0
"ST MARYS, MADAGASCAR",65.0,,,,,65.0
INDISCHE ZEE,14.0,51.0,,,,65.0
ISLA DE LOS ESTADOS,,65.0,,,,65.0
ST CATHARINE,65.0,,,,,65.0
MEDITERANEE,,65.0,,,,65.0
TABE BAY,,65.0,,,,65.0
'T NIEUWE DIEP,64.0,,,,,64.0
BUENO AIRES,34.0,30.0,,,,64.0
ANTIGUA TO GIBRALTAR,,64.0,17.12,-61.85,,64.0
RÍO DE JANEIRO,64.0,,,,,64.0
ST AUGUSTINE MADAGASCAR,,64.0,,,,64.0
THE NORE,15.0,49.0,,,,64.0
OFF CADIZ,63.0,,,,,63.0
GIBRALTER,31.0,32.0,,,,63.0
MAHÓN,47.0,16.0,,,,63.0
BERGEN/NOORWEGEN,,63.0,60.39,5.32,,63.0
MALVINAS,63.0,,,,,63.0
VERACRUZ.,63.0,,19.2,-96.1,,63.0
RIO GABON,11.0,49.0,-0.1249999999999999,8.875,2.0,62.0
KOPENHAGEN,,62.0,,,,62.0
LOPS HEAD IRELAND,,62.0,,,,62.0
ST ANDRIES,,62.0,,,,62.0
CAPE TOWN,,62.0,-33.9,18.4,,62.0
PORT AU PRINCE,30.0,29.0,18.54,-72.37,3.0,62.0
CASTRIES,42.0,15.0,51.45,140.85,5.0,62.0
GULF OF GUINEE,,62.0,,,,62.0
HALIFAX (NF),5.0,56.0,,,,61.0
TENERIFE,31.0,28.0,29.375,-16.3,2.0,61.0
NOORDKUST JAVA,,61.0,-7.5,110.0,,61.0
FORT AXIM,,60.0,4.5,-3.93,1.0,61.0
ALLERHEILIGEN BAAIJ,37.0,21.0,-13.01,-38.53,3.0,61.0
TRINIDAD (CUBA),49.0,12.0,10.5,-61.25,,61.0
TRUXILLO,45.0,14.0,16.11,-86.015,2.0,61.0
FERRO,60.0,,,,,60.0
LONG BAY JAMAICA,60.0,,18.1,-77.3,,60.0
USHANT,60.0,,,,,60.0
ST MARTIN DE RHÉ,37.0,23.0,,,,60.0
SURAT,60.0,,21.17,72.83,,60.0
PRINSSE EILAND,45.0,15.0,,,,60.0
CRUISING TO LISBON,,60.0,38.72,-9.14,,60.0
CANARIA,9.0,46.0,28.465,-15.35,4.0,59.0
COASTAL IN CARIBEAN,59.0,,,,,59.0
DUNNOZE,59.0,,,,,59.0
IVOORKUST,59.0,,,,,59.0
PLYMOUTH - CRUISING WESTERN APPROACHES,,59.0,,,,59.0
BELLE ISLE,53.0,6.0,,,,59.0
CUL DE SAC,17.0,41.0,14.42,-59.17,1.0,59.0
GALE,26.0,32.0,6.0,80.2,1.0,59.0
FUNCHAL TOWARDS AZORES AND BACK,59.0,,,,,59.0
CORMANTIJN,59.0,,,,,59.0
CAPE LAGULLAS,50.0,9.0,,,,59.0
PISANG (SUMATRA),58.0,,,,,58.0
BONA VISTA,58.0,,,,,58.0
ST EUSTASIUS,,56.0,17.5,-62.97,2.0,58.0
INGELEE,58.0,,,,,58.0
HUDSON BAY,19.0,39.0,,,,58.0
FYALL BAY,37.0,21.0,,,,58.0
CAPE ST VINCENT,32.0,26.0,13.15,-61.2,,58.0
PORTO PRAIJO,21.0,19.0,14.92,-23.52,17.0,57.0
ST HELLENS ROAD,57.0,,,,,57.0
NANTASKET,,57.0,,,,57.0
WEST INDIE,52.0,5.0,,,,57.0
CAROLINA,,57.0,,,,57.0
CRUISING OF USHANT,,57.0,,,,57.0
CÁDIZ ?,,56.0,,,,56.0
ST JOHNS ON A CRUISE TO BERMUDA AND BACK,56.0,,,,,56.0
CAP FRANCOIS,44.0,12.0,,,,56.0
ST JOHNS ANTIGUA,45.0,11.0,17.12,-61.85,,56.0
GAMBIA,38.0,18.0,13.45,-16.57,,56.0
RIO DOMMERAAIJ,56.0,,,,,56.0
CAAP FRANCAIS,23.0,33.0,,,,56.0
TILLECHERRY ROAD,55.0,,,,,55.0
SIMONSBAAIJ,54.0,1.0,,,,55.0
GAMBIA RIVER,18.0,37.0,,,,55.0
PLYMOUTH SOUND,55.0,,,,,55.0
TRINDADA,,55.0,,,,55.0
PUNTE GALE,32.0,21.0,6.02,80.22,1.0,54.0
ST JOHN NEWFOUNDLAND,,54.0,,,,54.0
"ST GEORGES BAY, GRENADA",,54.0,12.05,-61.75,,54.0
"ILES ST. PIERRE, TERRE NEUVE, ILE ROYALE ET RETOUR",,54.0,,,,54.0
CHRISTIAAN ZAND,,54.0,,,,54.0
MIDDELLANDSE ZEE,16.0,38.0,,,,54.0
MALTA,28.0,26.0,35.9,14.51,,54.0
FUNCHAL ROAD (MADEIRA),35.0,19.0,32.65,-16.9,,54.0
NAGEPATNAM,20.0,32.0,10.75,79.84,1.0,53.0
CRUISING,29.0,24.0,,,,53.0
MILFORD HAVEN,,53.0,,,,53.0
COASTAL GULF OF GUINEA,53.0,,,,,53.0
PLYMOUTH (CRUISING),,53.0,,,,53.0
ST PAOLO,,52.0,5.9,-10.5,1.0,53.0
CAP FRANCAIS,43.0,8.0,19.75,-72.2,2.0,53.0
ILE MIQUELON ET RETOUR A ROCHEFORT,,53.0,,,,53.0
"TOBAGO, LA MARTINIQUE, ST. DOMINGUE",,53.0,14.64,-61.02,,53.0
CHEREBON ROAD,42.0,7.0,-6.7,108.6,4.0,53.0
NEWPORT RHODE ISLAND,52.0,,,,,52.0
BREMEN,52.0,,53.08,8.8,,52.0
FORT BANJOEWANGIE,3.0,49.0,-8.2,114.35,,52.0
MAKASSER,,,-5.14,119.4,52.0,52.0
COCHINE,52.0,,9.93,76.26,,52.0
GOEDE RHEEDE,52.0,,,,,52.0
CONNECTICUTT,52.0,,,,,52.0
COASTAL INDONESIAN ARCHIPELAGO,52.0,,,,,52.0
SANTANDER,,52.0,43.46,-3.8,,52.0
"ST. AUGUSTINES, MADAGASCAR",,51.0,,,,51.0
ACHEAN,51.0,,,,,51.0
FORT ST DAVID ROAD (MADRAS),25.0,23.0,11.77,79.78,3.0,51.0
AMÉRICA SEPTENTRIONAL(NOKA),,51.0,,,,51.0
ALGIERS,7.0,44.0,36.75,3.04,,51.0
MANILA.,51.0,,14.6,120.98,,51.0
DIEGO RAY,13.0,38.0,,,,51.0
THE RAMHEAD,50.0,,,,,50.0
PLACENTIA HARBOUR,21.0,29.0,,,,50.0
SCILLY ISLES,,50.0,,,,50.0
"POINT DE GALLE ROAD, CEYLON",,50.0,7.0,80.0,,50.0
BILBAO,8.0,42.0,43.26,-2.93,,50.0
RAMMEKES,50.0,,,,,50.0
PORT BANKS,46.0,1.0,56.54,-135.05,3.0,50.0
COASTAL CARIBEAN,50.0,,,,,50.0
ISLA DE LA ASCENSION,,50.0,-7.93,-14.37,,50.0
VERACRUZ (MÉXICO),26.0,24.0,19.2,-96.1,,50.0
WINNEBAH,49.0,,4.57,0.42,1.0,50.0
BENGALEN,8.0,42.0,22.5,88.3,,50.0
GUINNEE,,50.0,,,,50.0
DOWNS (ENGLAND),,50.0,51.2,1.4,,50.0
"TORTOLA ROADS, ST THOMAS",50.0,,18.34,-64.93,,50.0
VALPARAÍSO,49.0,,-1.46,-48.5,,49.0
MAHON,41.0,8.0,,,,49.0
SAMBVANGAN,18.0,31.0,,,,49.0
CARIBE,49.0,,,,,49.0
VALDIVIA,,49.0,,,,49.0
ACARA,49.0,,,,,49.0
VERA CRUZ,24.0,24.0,19.32,-96.22,1.0,49.0
CHARLESTOWN N.CAROLINA,,49.0,,,,49.0
ST JOHN'S ANTIGUA,22.0,27.0,17.12,-61.85,,49.0
OFFSHORE GUYANA,,49.0,,,,49.0
LISBOA,48.0,,,,,48.0
SPIHEAD (CRUISING),,48.0,,,,48.0
CUDDALORE,,48.0,,,,48.0
MADERIA ROAD,25.0,23.0,,,,48.0
MEDEMBLIK/TEXEL,48.0,,,,,48.0
FREETOWN,16.0,32.0,,,,48.0
CAPE SERRA LION,48.0,,,,,48.0
ST HELLENS,48.0,,,,,48.0
COSTA FIRME DE LA AMÉRICA,,48.0,,,,48.0
CARLISE BAY VIA FUNCHAL,,48.0,,,,48.0
JERSEY,47.0,,,,,47.0
ALICANTE,31.0,15.0,38.17,-0.53,1.0,47.0
CHERILLOS,36.0,10.0,-12.55,-77.12,1.0,47.0
GUAYAQUIL,37.0,9.0,-3.32,-80.55,1.0,47.0
BAY OF BISCAY (CRUISING),,47.0,,,,47.0
PAPENBERG,24.0,22.0,31.67,128.6,1.0,47.0
"DAUPHIN BAY, MADAGASCAR",35.0,,-25.02,47.0,12.0,47.0
ST DOMINGO,39.0,6.0,18.4,-69.67,1.0,46.0
URK,46.0,,,,,46.0
ISLA SANTA CATALINA (BRASIL) Y VUELTA,,46.0,,,,46.0
"CALISLE BAY, BARBADOS",,46.0,,,,46.0
"DOMINIQUE, CADIX, MALAGUA ET RETOUR A BREST",,46.0,48.4,-4.5,,46.0
MALIMBA,46.0,,,,,46.0
MARSEILLE,19.0,27.0,43.3,5.37,,46.0
BASSE TERRE ROADS,46.0,,15.99,-61.73,,46.0
BALTIMORE HARBOUR,,43.0,51.48,-9.37,2.0,45.0
PLYMOUTH UK,,45.0,51.5,-0.1,,45.0
CAPE DE VERDE,45.0,,,,,45.0
HUDSON BAY CHURCHILL,,45.0,,,,45.0
SEARCHING FOR AN ISLAND,,45.0,,,,45.0
FLAT POINT,23.0,22.0,,,,45.0
PORTO KABELLO,31.0,13.0,10.73,-68.33,1.0,45.0
TERVEUR,,45.0,,,,45.0
TORTOLA,45.0,,,,,45.0
DELAWARE,22.0,23.0,,,,45.0
KARAKOKOA,,45.0,,,,45.0
LOBOS ISLAND (RIVER PLATE),,45.0,,,,45.0
RIVER GAMBIA,20.0,24.0,13.55,-16.7,1.0,45.0
NOKA,31.0,13.0,49.67,-127.21,1.0,45.0
FYALL,,45.0,,,,45.0
EAST END OF BARBADOS (THEN CARLISLE BAY),,44.0,,,,44.0
ANJER,31.0,,-6.05,105.91,13.0,44.0
LORIENT,44.0,,,,,44.0
DE EILANDEN DINA EN MAARSEVEEN,,44.0,,,,44.0
CESERIJEN,44.0,,,,,44.0
BUSQUE,,44.0,,,,44.0
LOANGO,44.0,,-4.65,11.82,,44.0
POINT PALMIRA,44.0,,,,,44.0
TORBAY UK,44.0,,51.5,-0.1,,44.0
MONTERREY,22.0,20.0,36.7,-121.91,1.0,43.0
"MURRAY'S ANCHORAGE, BERMUDA",20.0,23.0,,,,43.0
"MATHURIN BAY, RODIGUEZ",,43.0,,,,43.0
CAMARIÑAS,,42.0,43.1,-9.2,1.0,43.0
NEWPORT,31.0,12.0,,,,43.0
RIVIER KOMMEWIJNE,11.0,31.0,6.15,-55.06,1.0,43.0
KAUAI,43.0,,,,,43.0
PRINCE WILLIAM'S SOUND,,42.0,60.5,-147.0,1.0,43.0
PRINCE RUPERTS BAY,22.0,21.0,,,,43.0
POUILLAC,39.0,4.0,,,,43.0
ST JOHN'S HARBOUR NEWFOUNDLAND,14.0,28.0,,,,42.0
ROAD TORN TORTOLA,42.0,,,,,42.0
PLYMOUTH (MONSERRAT),,42.0,,,,42.0
ALGECIRAS,19.0,23.0,,,,42.0
LERWICH,11.0,31.0,,,,42.0
START POINT UK,42.0,,51.5,-0.1,,42.0
ST AUGUSTINES (FLORIDA),8.0,34.0,,,,42.0
OCRACOKE,5.0,21.0,35.1,-76.0,16.0,42.0
PLYMOUTH (ENGLAND),42.0,,,,,42.0
CAPE OF FLORIDA,42.0,,,,,42.0
COAL HARBOUR,6.0,36.0,,,,42.0
"ST MICHAELS, AZORES",15.0,26.0,,,,41.0
LIORNA,13.0,28.0,,,,41.0
GRATIOSA,,41.0,,,,41.0
NOORD AMERIKA,,41.0,,,,41.0
MEW BAY -JAVA,41.0,,-7.5,110.0,,41.0
HAMMOZE (CRUISING),,41.0,,,,41.0
MUSCAT,21.0,20.0,23.61,58.59,,41.0
POINT POSESSION,41.0,,,,,41.0
CHALESTOWN,,41.0,,,,41.0
HAMMOZE,41.0,,,,,41.0
PRINCESS ISLAND (NR ST THOMAS),40.0,,18.34,-64.93,,40.0
LONG ISLAND,40.0,,,,,40.0
"ST PATRICK'S HOLE, NEWFOUNDLAND",,40.0,,,,40.0
BEZOEKI,17.0,23.0,,,,40.0
LA BARBADE,40.0,,,,,40.0
NÁPOLES,28.0,12.0,,,,40.0
LA GUAIJRA,2.0,37.0,10.87,-67.03,1.0,40.0
ST MARTIJN,40.0,,,,,40.0
L'ISLE DE RÉ,39.0,1.0,,,,40.0
NAGAPATAM,10.0,30.0,,,,40.0
"CANTON RIVER, CHINA",40.0,,31.2,121.5,,40.0
PORT PRAYA,32.0,8.0,,,,40.0
GABON,,40.0,,,,40.0
ST PIERRE MARTINQUE,40.0,,,,,40.0
CAPE LOUGAN,39.0,,,,,39.0
"PLYMOUTH, MONSERRAT",39.0,,,,,39.0
"ST. JOHNS, NEWFOUNDLAND",,39.0,,,,39.0
TRINCONOMALE,,39.0,,,,39.0
BALTIMORE,30.0,9.0,-8.56,125.57,,39.0
CAPE FLORIDA,39.0,,,,,39.0
"ROAD TOWN, TORTOLA",39.0,,,,,39.0
CAPE HENLOPEN,39.0,,,,,39.0
NEW PROVIDENCE,30.0,9.0,,,,39.0
SHEERNESS,16.0,23.0,51.44,0.76,,39.0
ACHEAN HEAD,39.0,,,,,39.0
ST VINCENT,39.0,,13.15,-61.2,,39.0
DE GOEDE RHEEDE,,38.0,52.08,1.73,1.0,39.0
ONRUST,,,-6.03,106.72,38.0,38.0
PUERTO CABELLO,17.0,19.0,11.045,-67.97999999999999,2.0,38.0
MATANZES (CUBA),38.0,,,,,38.0
ARGEL,,38.0,,,,38.0
SOUTHPORT,33.0,5.0,,,,38.0
TONGATABOU,11.0,25.0,-21.085,-175.06,2.0,38.0
"EL CALLAO (LIMA, PERÚ)",38.0,,-12.07,-77.15,,38.0
PETER'S ISLAND (WEST INDIES),38.0,,,,,38.0
NORTE DE NUEVA ESPAÑA,,38.0,,,,38.0
BANDA,4.0,32.0,-4.585,129.81,2.0,38.0
VALPARAÍSO (CHILE),,38.0,-1.46,-48.5,,38.0
APOLONIA,,37.0,,,,37.0
CRUISING OFF PORT ROYAL,37.0,,17.94,-76.84,,37.0
CARLISLE BAY (BARBADOES),,37.0,,,,37.0
TAGUS,36.0,,38.68,-9.1,1.0,37.0
AUSTRALIE,,37.0,,,,37.0
AMÉRICA,,37.0,,,,37.0
LERWICK,14.0,20.0,60.15,-1.12,3.0,37.0
PORT ANTONIO,37.0,,,,,37.0
ISLAS DE BARLOVENTO,,37.0,,,,37.0
CRUISE TO FINISTERRE,,37.0,,,,37.0
L'ISLE DIEU,,35.0,46.575,-2.05,2.0,37.0
SMIRNA,26.0,11.0,,,,37.0
OFF NEWFOUNDLAND,37.0,,,,,37.0
SURSOGON,19.0,18.0,,,,37.0
ESTRECHO SAN BERNARDINO,,37.0,,,,37.0
LA HAVANE,36.0,,23.13,-82.39,1.0,37.0
PRINCES EILAND,31.0,6.0,,,,37.0
BEMBRIDGE,37.0,,,,,37.0
CABO SAN VICENTE Y SANTA MARÍA Y VUELTA,,37.0,,,,37.0
PRINCE RUPERTS BAY DOMINICA,37.0,,15.42,-61.35,,37.0
VALPARISO,,37.0,,,,37.0
PUERTO PAITA,37.0,,,,,37.0
ST MARTHA,20.0,16.0,,,,36.0
ANJANGO ROAD,7.0,25.0,8.66,76.78,4.0,36.0
ADEN,15.0,21.0,12.79,45.03,,36.0
BAHAMAS,36.0,,,,,36.0
GOA,,36.0,15.5,73.83,,36.0
WOOLWICH UK,,36.0,51.5,-0.1,,36.0
CRUISING TOWARDS RODRIQUEZ,,36.0,,,,36.0
MENADO,19.0,16.0,1.55,124.0,1.0,36.0
SENEGAL ROAD,35.0,,14.7,-17.45,,35.0
KAAP MAZURADO,,35.0,,,,35.0
SECONDA,35.0,,,,,35.0
POLLILO,18.0,17.0,,,,35.0
"ST JOHNS, NF",35.0,,,,,35.0
SANDY POINT (NEW YORK),35.0,,,,,35.0
SIERA LEONE,,35.0,,,,35.0
ST MARY'S,35.0,,,,,35.0
TOWARDS CAPE HORN,,35.0,-55.98,-67.27,,35.0
LEVANTE ESPAÑOL,,35.0,,,,35.0
ST PAULS,34.0,,,,,34.0
MONROVIA,,34.0,,,,34.0
"QUILOA, EAST AFRICA",,34.0,-9.0,39.5,,34.0
CANNANORE,,34.0,,,,34.0
NAZARETH,34.0,,,,,34.0
TIBURON BAAI,26.0,8.0,,,,34.0
COULON,34.0,,,,,34.0
SENOUR,,34.0,,,,34.0
ANTEGUA,,34.0,,,,34.0
GOMBROON,,34.0,,,,34.0
TENERIFF,34.0,,,,,34.0
ST. MARYS ROAD MADAGASCAR,,34.0,,,,34.0
PORT ANTOIO JAMAICA,34.0,,18.1,-77.3,,34.0
PORT ROYAL JAMICA,33.0,,17.94,-76.84,,33.0
CHINTSURA,33.0,,,,,33.0
ST JUAN DE NICARAGUA,16.0,16.0,11.78,-83.6,1.0,33.0
BOUTON,19.0,14.0,,,,33.0
OFF SHORE,,33.0,,,,33.0
MONTSERAT,33.0,,,,,33.0
DECIMA,,32.0,32.75,129.87,1.0,33.0
MAKINDA CREEK,,33.0,,,,33.0
SAINT PIERRE,32.0,,46.77,-55.45,1.0,33.0
ZWEDEN,11.0,22.0,,,,33.0
CAPE ST MARY,,33.0,,,,33.0
HAMOAZE,33.0,,,,,33.0
SURINAM,,33.0,,,,33.0
BATVIA,,33.0,,,,33.0
RICHARD,28.0,5.0,,,,33.0
ST JOHNS HARBOUR (NEWFOUNDLAND),,32.0,,,,32.0
CAPE LAND,,32.0,,,,32.0
HAVANNAH (CUBA),32.0,,,,,32.0
CADISE,29.0,3.0,,,,32.0
FORT JOHNSON,,32.0,,,,32.0
CAPE VIRGIN,16.0,16.0,,,,32.0
SPITHEAD - CRUISING BAY BISCAY,,32.0,,,,32.0
PORTSMOUTH (AFTER CRUISING TOWARDS FINISTERRE),,32.0,,,,32.0
EGG ISLAND,12.0,20.0,,,,32.0
ST. MAARTEN,19.0,13.0,,,,32.0
PLYMOUTH (CRUISING WESTERN APPROACHES),,31.0,,,,31.0
BRISSEL,7.0,24.0,,,,31.0
"NORFOLK, VIRGINIA",,31.0,,,,31.0
MAYAGUANA (BAHAMAS),31.0,,,,,31.0
DESCONOCIDO (MARES DE NICARAGUA),31.0,,,,,31.0
RIO DE JANERO,,31.0,,,,31.0
CAPE SIERRA LEONE,31.0,,8.48,-13.23,,31.0
ORKNEYS,31.0,,,,,31.0
CORVO,31.0,,,,,31.0
BELLE ISLAND,31.0,,,,,31.0
BONAIRE,12.0,17.0,12.16,-68.355,2.0,31.0
CORUÑA,31.0,,,,,31.0
PORTO CABELLO,14.0,14.0,10.61,-68.07,3.0,31.0
"CAPE NICHOLAS, SAN DOMINGO",,30.0,,,,30.0
BALLISORE (BALESHWAR) ROAD,,30.0,,,,30.0
MAZULIPATNAM,,29.0,16.16,81.18,1.0,30.0
ST JOHNS ROAD (ANTIGUA),30.0,,17.12,-61.85,,30.0
PULO TIMOAN,21.0,9.0,,,,30.0
MINORCA,9.0,21.0,,,,30.0
NEAR MADEIRA,30.0,,32.65,-16.9,,30.0
"FORT DAUPHIN BAY, MADAGASCAR",,13.0,-25.03,47.0,17.0,30.0
TONGA,,30.0,,,,30.0
SIERRA LION,,30.0,,,,30.0
AZORES AND BACK,,30.0,,,,30.0
MARQUESAS,10.0,19.0,,,,29.0
"ST AUGUSTINE'S BAY, MADAGASCAR",29.0,,,,,29.0
ISLE D´AIX,29.0,,,,,29.0
REALEJO,,29.0,,,,29.0
TILLICHERRY FLAG,22.0,7.0,,,,29.0
FRUXILLO,16.0,11.0,16.25,-86.07499999999999,2.0,29.0
SCILLY,,29.0,,,,29.0
PORT ROYAL (JAMAICA),29.0,,18.1,-77.3,,29.0
ST CATHERINE'S PORT,29.0,,,,,29.0
TERNATTEN,20.0,8.0,0.76,127.38,1.0,29.0
CAPE LOPEZ,29.0,,,,,29.0
NEW YORK (STATTEN ISLAND),,29.0,,,,29.0
BANJAR ROAD,17.0,12.0,,,,29.0
MACASSER,10.0,19.0,,,,29.0
CORK (WESTERN APPROACHES),29.0,,51.9,-8.47,,29.0
"PRINCE RUPERT BAY, DOMINICA",29.0,,15.42,-61.35,,29.0
PORTLAND ENGLAND,,29.0,,,,29.0
PORTENDIC,28.0,,,,,28.0
(GILOLO) HALMAHIRA,28.0,,,,,28.0
DE LA SOLEDAD (MALVINAS),12.0,16.0,,,,28.0
CAPE DELGADA,28.0,,,,,28.0
CAMPECHE,17.0,11.0,,,,28.0
CAPE FRANCOIS HARBOUR,28.0,,,,,28.0
BATAVIA ROAD,26.0,,-6.05,106.85,2.0,28.0
PULO PINANG,,28.0,,,,28.0
MADRAS - BALASORE,28.0,,13.08,80.27,,28.0
TAGUS LISBON,28.0,,38.72,-9.14,,28.0
COWES RD,28.0,,,,,28.0
BERWICK,,28.0,,,,28.0
ZIAM,12.0,16.0,,,,28.0
LA GUAIRA,8.0,20.0,,,,28.0
CRUISING OFF NF,,27.0,,,,27.0
LOUISBOURG NOVA SCOTIA,27.0,,,,,27.0
HAVANNA(?),27.0,,,,,27.0
UK(?),,27.0,51.5,-0.1,,27.0
LANGLE,16.0,10.0,47.88,141.9,1.0,27.0
SAN DOMINGO,27.0,,,,,27.0
PORTO RICO,15.0,12.0,41.15,-8.61,,27.0
DUBLIN BAY,27.0,,53.35,-6.26,,27.0
BRIDGETOWN,,26.0,13.82,-58.79,1.0,27.0
CAPE FEAR,15.0,12.0,,,,27.0
SAVANAH GEORGIA,,26.0,,,,26.0
ST JOHNS NF,26.0,,,,,26.0
TANGER,5.0,20.0,35.83,-6.15,1.0,26.0
DIEGO RAYS,26.0,,,,,26.0
DOMINICO,,26.0,,,,26.0
NORFOLK,21.0,5.0,,,,26.0
SINGELS,,26.0,,,,26.0
COASTAL NORTH SEA,26.0,,,,,26.0
COWES,26.0,,,,,26.0
PORTSMOUTH HARBOUR,13.0,,50.8,-1.08,13.0,26.0
"CAPE FRANCOIS HARBOUR, HISPANOLA",26.0,,,,,26.0
SABLE ISLAND (NEWFOUNDLAND),,26.0,,,,26.0
MARGRET ROAD (UK),,26.0,51.5,-0.1,,26.0
FUNCHAL ROADS,7.0,19.0,,,,26.0
FENSHALL ROAD MADEIRA,26.0,,32.65,-16.9,,26.0
CAP DE DIEMEN,25.0,,-43.9,144.36,1.0,26.0
JAMAICA PORT ROYAL,25.0,,18.1,-77.3,,25.0
ISLA DE ALBIMOR EN LAS GALAPAGOS,25.0,,,,,25.0
AXIM FORT,,25.0,,,,25.0
FERROL?,,25.0,43.48,-8.24,,25.0
BATOWIA ROAD,,17.0,-6.1,106.86,8.0,25.0
PACOCHA,,25.0,,,,25.0
CAPE SAMBROUGH,25.0,,,,,25.0
CABO DE GRACIAS A DIOS,25.0,,,,,25.0
THE MANNAN,25.0,,,,,25.0
LA CARBONIERE,10.0,15.0,,,,25.0
CHEBUTO,,25.0,,,,25.0
"ISLA DE SAN ANDRÉS Y STA. CATALINA, ALIAS PROVIDEN",,25.0,,,,25.0
EAST RIVER,,25.0,,,,25.0
KAAP LA HOU,,21.0,5.15,-5.01,4.0,25.0
GULF OF MAINE,25.0,,,,,25.0
GREAT ST LAWRENCE HARBOUR,,25.0,,,,25.0
ISLA DE FRANCIA,25.0,,,,,25.0
ST MARY'S SOUND,,25.0,,,,25.0
DICKIS COVE,,25.0,,,,25.0
BARBADOS (CRUISING),24.0,,,,,24.0
RIOUW,15.0,9.0,,,,24.0
THE ISLAND OF BARRA (SHETLANDS),24.0,,,,,24.0
"ENGLISH BAY, ANTIGUA",24.0,,17.12,-61.85,,24.0
MARGUERITA,7.0,17.0,,,,24.0
CAPE AGULLAS,24.0,,,,,24.0
ISLA DE SANTA CATALINA,,24.0,,,,24.0
BONROU,14.0,8.0,-3.115,127.46,2.0,24.0
COLOMBO (SRI LANKA),24.0,,6.93,79.85,,24.0
WEYMOUTH,,24.0,,,,24.0
ST CHRISTOPHERS,,24.0,,,,24.0
PRINCES ISLAND (JAVA),,24.0,-7.5,110.0,,24.0
ISLE OF BEC,24.0,,,,,24.0
TERNATE,16.0,7.0,0.79,127.38,,23.0
NAGAPATRAM,,23.0,,,,23.0
OMOA,5.0,18.0,,,,23.0
ISLAND OF BOURBON,23.0,,,,,23.0
KAAP GROOT MIZURADO,,,6.33,-10.83,23.0,23.0
MIRABELLE,3.0,19.0,14.38,120.55,1.0,23.0
ST CHRISTOPHERS (BASSE TERRE),23.0,,15.99,-61.73,,23.0
BATAVIA?,23.0,,,,,23.0
STRAAT BANKA,10.0,13.0,,,,23.0
CAPE SPARTEL,23.0,,,,,23.0
ALLICANTEN,13.0,9.0,38.35,-0.48,1.0,23.0
LE HABRE,23.0,,,,,23.0
CARTAGENA?,23.0,,10.4,-75.5,,23.0
CRACATOA,23.0,,,,,23.0
BOCHT VAN GUINEE,23.0,,,,,23.0
"ST THOMAS, VIRGIN ISLANDS",23.0,,18.34,-64.93,,23.0
SOCOTRA?,,23.0,,,,23.0
ISLAS MALVINAS,,23.0,,,,23.0
MONA ISLAND,10.0,13.0,,,,23.0
SPECTACLE ISLAND (BOSTON),23.0,,,,,23.0
"FORT ST JULIAN, LISBON",,22.0,38.72,-9.14,,22.0
FERROL HARBOUR - CRUISING THE WESTERN APPROACHES,,22.0,43.48,-8.24,,22.0
SAVANNAH,11.0,11.0,,,,22.0
ST. EUSTACIUS,4.0,18.0,,,,22.0
ST LAWRENCE NEW FOUNDLAND,,22.0,,,,22.0
CRUISE IN WESTERN APPROACHES,,22.0,,,,22.0
PALLIACATTE,20.0,2.0,,,,22.0
CAPE VERDE,22.0,,15.0,-23.5,,22.0
FALMOUTH UK,,22.0,51.5,-0.1,,22.0
VALDIVIA (CHILE),22.0,,,,,22.0
MAHE,14.0,8.0,,,,22.0
YORK IN VIRGINIA,16.0,6.0,,,,22.0
BELLESOOR,,20.0,21.55,87.4,1.0,21.0
LEEWARD ISLANDS,,21.0,,,,21.0
MAYO CAPE VERDE ISLANDS,21.0,,,,,21.0
MALLACA TOWN,21.0,,,,,21.0
RIVER SERRALIONE,9.0,12.0,,,,21.0
ROXENT,13.0,8.0,,,,21.0
MADERE,7.0,12.0,32.975,-17.46,2.0,21.0
CAPE LAGULAS,21.0,,,,,21.0
"ST JOHNS, ANTIGUA",21.0,,17.12,-61.85,,21.0
START,3.0,18.0,,,,21.0
I. DEL CUERVO,20.0,,,,,20.0
PUERTO DE SANTA MARÍA,,20.0,,,,20.0
BAHÍA DE MATANZAS (CUBA) Y LA HABANA,,20.0,,,,20.0
"TANGIER BAY, CHESAPEAKE",20.0,,35.77,-5.8,,20.0
SURGIDERO DE SAN ROQUE,9.0,10.0,53.45,-131.21,1.0,20.0
"CUMBERLAND ISLAND, FLORIDA",,20.0,,,,20.0
RIVER OF ST LAWRENCE,20.0,,,,,20.0
SURABAYA,,19.0,-6.8,113.29,1.0,20.0
CRUISE TO AZORES,,20.0,,,,20.0
PORTE CABELLO,8.0,12.0,,,,20.0
ST PIERRE BAY MARTINICO,20.0,,,,,20.0
CAPE RAY (NEWFOUNDLAND),20.0,,,,,20.0
A LA MAR ? CÁDIZ?,,20.0,,,,20.0
LISBOA-FERROL,,20.0,43.48,-8.24,,20.0
"ST EUSTACIUS, ST MAARTEN",,20.0,,,,20.0
FROWARD POINT (ENGLAND),,20.0,,,,20.0
ST LAWRENCE,,20.0,,,,20.0
ST MICHAELS,7.0,13.0,,,,20.0
BOSTON (CRUISING),,20.0,,,,20.0
"THE WELLS, BERMUDA",19.0,,,,,19.0
KLEIN POPOO,19.0,,,,,19.0
"SANTA CRUZ, TENERIFE",,19.0,,,,19.0
MASA FUERA,,19.0,,,,19.0
ST AUGUSTINE (FLORIDA),19.0,,,,,19.0
SOINCIJ BAAI,5.0,13.0,51.53,-4.75,1.0,19.0
MORAO DE COPIAPO,19.0,,,,,19.0
PENSICOLA FLORIDA,19.0,,,,,19.0
"THE DOWNS, UK",,19.0,51.2,1.4,,19.0
MOCHA (MOKHA),,19.0,13.32,43.25,,19.0
THE DOWNES,19.0,,,,,19.0
CAPE SPEAR (NEWFOUNDLAND),19.0,,,,,19.0
CHESAPEAK,19.0,,,,,19.0
SMEERENBERG,19.0,,,,,19.0
CAPE PILLAR,19.0,,,,,19.0
BUCARELY,8.0,11.0,,,,19.0
CALLAO (LIMA-PERÚ),,19.0,-12.07,-77.15,,19.0
LA HABANA.,19.0,,,,,19.0
ST JOHNS (ANTIGUA),,19.0,17.12,-61.85,,19.0
RIO CAMEROUN,,19.0,,,,19.0
MALACCA STRAITS,,19.0,2.2,102.25,,19.0
FENSHALL ROAD (ANTIGUA),,18.0,17.12,-61.85,,18.0
TAPANOLIE,4.0,14.0,,,,18.0
KAAP VERDE,12.0,6.0,,,,18.0
CREW SETRA,15.0,3.0,,,,18.0
LE BAYE DU CROC,7.0,11.0,,,,18.0
FLORIDA,18.0,,,,,18.0
SMYRNA,10.0,8.0,38.42,27.14,,18.0
MANGASEER ROAD,9.0,6.0,12.83,74.81,3.0,18.0
NAGAPATNAM,17.0,,10.75,79.84,1.0,18.0
KINGSALE,18.0,,,,,18.0
SINGAPORE STRAIGHT,18.0,,1.35,103.82,,18.0
COLLEMOYE,,18.0,,,,18.0
MAVILE BAY,,,-17.66,49.51,18.0,18.0
SADERASS,18.0,,,,,18.0
OEJONG SANKA,11.0,6.0,-6.72,112.39,1.0,18.0
W AFRIKA,6.0,12.0,,,,18.0
TRINCONOMALLE,,17.0,8.5,81.22,1.0,18.0
SAMARAS,10.0,6.0,-6.65,110.45,1.0,17.0
PALEMBANG RIVER,17.0,,,,,17.0
COCKHAM WOOD UK,,17.0,51.5,-0.1,,17.0
TÁNGER (Y VUELTA),,17.0,,,,17.0
ASHLEY RIVER,,17.0,,,,17.0
AIX ROAD,17.0,,,,,17.0
TENNERIFE,7.0,10.0,,,,17.0
CARTAGENA (ESPAÑA),,17.0,10.4,-75.5,,17.0
CAPE COD,,17.0,,,,17.0
EL CALLAO (PERÚ),,17.0,-12.07,-77.15,,17.0
SALDANHA BAY,17.0,,,,,17.0
HAMPTON ROAD (VIRGINIA),11.0,6.0,,,,17.0
SUFTREN,10.0,6.0,47.87,139.7,1.0,17.0
LOUISBOROUGH (HALIFAX),17.0,,,,,17.0
HAMMOZE UK,,17.0,51.5,-0.1,,17.0
KLEIN KAAP MIZURADO,,,6.33,-10.83,17.0,17.0
NEGRAIS BURMA,17.0,,,,,17.0
NARVICK,16.0,,,,,16.0
SIERRA LEON,16.0,,,,,16.0
CAPE MOUNT,7.0,9.0,,,,16.0
DIX COVE,,16.0,,,,16.0
MADRAS ROADS,,,13.07,80.27,16.0,16.0
PLACENTIA BAY NEWFOUNDLAND,,16.0,,,,16.0
BAAI VAN ROATAN,16.0,,,,,16.0
WOAHOO,11.0,4.0,21.5,-157.75,1.0,16.0
CAMARONES,,16.0,,,,16.0
POPO,16.0,,,,,16.0
NORTH CAPE,,16.0,,,,16.0
CARNAR,9.0,6.0,14.82,74.1,1.0,16.0
STRAAT VAN BANKA,15.0,,-2.2,105.42,1.0,16.0
MOCHA (ARABIAN PENINSULA),16.0,,13.32,43.25,,16.0
POINT PALMIRAS,15.0,,,,,15.0
EPPE,15.0,,,,,15.0
STA CATALINA (BRASIL),15.0,,,,,15.0
SANDY HOOK (NEW YORK),6.0,9.0,,,,15.0
CAMMEROENES,,15.0,,,,15.0
GALAPAGOS,15.0,,,,,15.0
SELANGOR,,,3.33,101.22,15.0,15.0
ST JOHNS (NEWFOUNDLAND),15.0,,,,,15.0
WAMPOA,15.0,,,,,15.0
BARDADOS,,15.0,,,,15.0
LA VALETTA,11.0,4.0,,,,15.0
TELLYCHERRY,6.0,9.0,,,,15.0
WYDAH,15.0,,,,,15.0
VIZAGAPATNAM,15.0,,,,,15.0
ZUIDEN,,15.0,,,,15.0
CAPE NEGRAIS BURMA,,15.0,,,,15.0
CRUISING CARIBEAN,15.0,,,,,15.0
"NEW LONDON, CONNECTICUT",15.0,,,,,15.0
CAICOS,14.0,,,,,14.0
ST ANNABAAI,5.0,9.0,,,,14.0
PYLSTAERT (NR TONGA),14.0,,,,,14.0
BLACKWALL UK,,14.0,51.5,-0.1,,14.0
BARBUDA,14.0,,,,,14.0
SHERNESS,,14.0,,,,14.0
ENSENADA DE MONTEVIDEO,14.0,,,,,14.0
ST JOHNS NEWFOUNDLAND (CRUISE OF GRAND BANKS),14.0,,,,,14.0
CAPE ST MARIE,,14.0,,,,14.0
KINSALE (EIRE),14.0,,,,,14.0
GUYANA,5.0,6.0,5.83,-51.31,3.0,14.0
PLACENTIA ROAD,14.0,,,,,14.0
FLORIDA BLANCA,10.0,4.0,,,,14.0
NORTH SEA,,14.0,,,,14.0
CAPE LAHABE,,14.0,,,,14.0
KEGERREE,14.0,,,,,14.0
CHERIBON,3.0,10.0,-6.77,108.55,1.0,14.0
NIEUWE FORT AMSTERDAM,14.0,,,,,14.0
"CROQUE, NEWFOUNDLAND",14.0,,,,,14.0
"FERCERA, NEAR ST MICHAELS",,14.0,,,,14.0
"ALEXANDRIA, EGYPT",,13.0,31.2,29.92,,13.0
ST CHRISTOPHER,,13.0,,,,13.0
FORT DAUPHIN,13.0,,,,,13.0
COASTAL TO COCHIN,,13.0,9.93,76.26,,13.0
"CAGLIARI, SARDINIA",13.0,,,,,13.0
TOWARDS CADIZ,,13.0,,,,13.0
TOWARDS NETHERLANDS,,13.0,,,,13.0
VILLA FRANCA,,13.0,,,,13.0
MOORED IN N NORWAY,13.0,,,,,13.0
CROOKHAVEN,13.0,,,,,13.0
CHIBUCTO HARBOUR (HALIFAX),9.0,4.0,,,,13.0
AGUADILLA,4.0,8.0,18.77,-67.6,1.0,13.0
CAAP ST JAN,,13.0,,,,13.0
CRUISING OFF USHANT,,13.0,,,,13.0
COASTAL ENGLISH CHANNEL,13.0,,,,,13.0
ST MARY'S ROAD MADAGASCAR,,,-16.98,49.85,13.0,13.0
CAEN,13.0,,,,,13.0
SANTA POLA,,,38.08,-0.48,13.0,13.0
"YORK HARBOUR, NEWFOUNDLAND",,13.0,,,,13.0
PULO PERRA,13.0,,,,,13.0
MARVILE MADAGASCAR,13.0,,,,,13.0
TOWARDS LEGHORN,,13.0,43.55,10.32,,13.0
OFF GRAND BANKS,13.0,,,,,13.0
SANBORONBOM - MONTEVIDEO,,13.0,,,,13.0
CAPE NICHOLAS (SANTO DOMINGO),12.0,,,,,12.0
"AQUOFORT HARBOUR, NEWFOUNDLAND",,12.0,,,,12.0
SAN AGUSTIN DE LA FLORIDA,,12.0,,,,12.0
"ST JOHNS, CRUISING GRAND BANKS",,12.0,,,,12.0
NOORDZEE,,12.0,,,,12.0
LIVORNO,5.0,7.0,,,,12.0
TRUNILLO,7.0,5.0,,,,12.0
NOUVELLE CALEDONIE,,11.0,-20.25,164.61,1.0,12.0
CAVITA,,12.0,,,,12.0
STATEN ISLAND,5.0,7.0,,,,12.0
BARNSTABLE BAY,12.0,,-33.9,18.4,,12.0
CAPE CORSE CASTLE,12.0,,,,,12.0
ACHEAN ROAD,,12.0,,,,12.0
NEW LONDON,12.0,,,,,12.0
GOLF VAN GUINEEGUINEA,,11.0,,,,11.0
OFF DELAWARE,11.0,,,,,11.0
SHELBURNE HARBOUR,,11.0,,,,11.0
CARACAS,6.0,4.0,10.67,-67.02,1.0,11.0
ST JACOBSBAAI,5.0,6.0,,,,11.0
WOODMANS BAY DOMINICA,,11.0,15.42,-61.35,,11.0
CHESAPEAKE,,11.0,,,,11.0
DEMERARIJ,7.0,3.0,6.98,-58.18,1.0,11.0
BASQUE ROAD,11.0,,,,,11.0
TALCAHUANO,11.0,,,,,11.0
NORFOLK SOUND,1.0,9.0,56.93,-135.65,1.0,11.0
PLACENTIA,,11.0,,,,11.0
LAGUAYRA,5.0,6.0,,,,11.0
PORTENDIE,,11.0,,,,11.0
STRAAT SAPOEDIE,,11.0,,,,11.0
AMBOINA,7.0,2.0,-3.68,128.3,1.0,10.0
"FERMOUSE, NF",,10.0,,,,10.0
MAPULIPATAM,10.0,,,,,10.0
ST.THOMEE,,10.0,,,,10.0
DEMMERARIJ,10.0,,,,,10.0
LEGHORN,7.0,3.0,43.55,10.32,,10.0
BAROES,9.0,1.0,,,,10.0
MADDELENE BAAI,,,79.7,11.0,10.0,10.0
CAPE MONIFERADO,7.0,3.0,,,,10.0
MONTECRISTO,,,20.055,-71.515,10.0,10.0
OUDJONG PANCER,6.0,4.0,,,,10.0
"PORT ROYAL, SOUTH CAROLINA",,10.0,17.94,-76.84,,10.0
ISLA DEL PRINCIPE (GUINEA),,10.0,,,,10.0
CAAP LAHOE,,10.0,,,,10.0
CRUISING OFF TAGUS,,10.0,,,,10.0
FAYAL ROAD AZORES,,10.0,,,,10.0
DUNGERNESS,,10.0,,,,10.0
FERDINANDO,,,-3.85,-32.42,10.0,10.0
BAAI JACOMEL,4.0,5.0,18.2,-72.53,1.0,10.0
MALAGUA,6.0,4.0,,,,10.0
START POINT ENGLAND,,10.0,,,,10.0
LAGUAIJRA,2.0,8.0,,,,10.0
HAILFAX,,10.0,,,,10.0
MERGUI ROAD (BAY OF BENGAL),,10.0,,,,10.0
OFF CAEN HARBOUR,,,49.35,-0.35,10.0,10.0
PORT MULGRAVE,9.0,,,,,9.0
CRANY ISLAND,9.0,,,,,9.0
ALGECIRAS Y A CRUZAR LA BOCA DEL ESTRECHO,,9.0,,,,9.0
CAPE LAGUALLAS,9.0,,,,,9.0
NORFOLK VIRGINIA,,9.0,,,,9.0
TARRAGONA,,9.0,,,,9.0
SANTIAGO DE CUBA,,,20.0,-75.81,9.0,9.0
ST. JUAN DE PORTE RICO,5.0,4.0,,,,9.0
PROVIDENCE (BAHAMAS),,8.0,,,,8.0
NANTUSKET,8.0,,,,,8.0
"TAMATAVE, MADAGASCAR",,8.0,,,,8.0
SINGAPORE,8.0,,1.35,103.82,,8.0
CRUISING TO ST DOMINGO AND BACK,,8.0,,,,8.0
CANAL DE BAHAMA,,8.0,,,,8.0
WYMOA BAY,1.0,7.0,,,,8.0
JAGUS,8.0,,,,,8.0
RAMHEAD,8.0,,,,,8.0
NANTUCKET,,8.0,,,,8.0
YSLA DE SANTA CATHALINA,,8.0,,,,8.0
BISCAY,8.0,,,,,8.0
MONA PASSAGE - CURACAO,,8.0,,,,8.0
LEVANTE,8.0,,,,,8.0
MONTEVIDEO.,8.0,,,,,8.0
ACHEEN ROAD (SUMATRA),,8.0,,,,8.0
CRUISING BAY BISCAY,,8.0,,,,8.0
MOGADOR,,8.0,,,,8.0
CAPE FINNISTER,,7.0,,,,7.0
GALLIONS REACH (UK),,7.0,51.5,-0.1,,7.0
MARGARET ROAD (ENGLAND),,7.0,,,,7.0
CAPE BRETON,7.0,,,,,7.0
TRUVILLO,,6.0,16.73,-86.07,1.0,7.0
ENGLISH HARBOUR,,,17.0,-61.76,7.0,7.0
RAMBANG,3.0,4.0,,,,7.0
YORK HARBOUR (NEWFOUNDLAND),7.0,,,,,7.0
MADRAS ROAD,,,13.11,80.3,7.0,7.0
DOWNS.  SOUTH FORELAND,,,51.12,1.36,7.0,7.0
HALIFAX (CHIBUCTO HARBOUR),,7.0,,,,7.0
KINSALE ROAD,7.0,,,,,7.0
TOWARDS EQUATOR,,7.0,,,,7.0
JOHN HARBOUR (NEWFOUNDLAND),,7.0,,,,7.0
ST PAULS ISLAND,,7.0,,,,7.0
ST JOHN,7.0,,,,,7.0
ORKNEY,,7.0,,,,7.0
TOWARDS GENOA,,7.0,44.41,8.93,,7.0
ACHIN ROAD,,,5.62,95.36,7.0,7.0
GRISE,,7.0,,,,7.0
RIVER TAGUS (LISBON),6.0,,38.72,-9.14,,6.0
ARUBA,6.0,,,,,6.0
INDIAN ARCHIPELAGO,6.0,,,,,6.0
PALMA DE MALLORCA Y BARCELONA,,6.0,41.39,2.17,,6.0
SANTA CRUZ ROAD,,,28.45,-16.25,6.0,6.0
TELLYCHERRY ROAD,,,11.73,75.48,6.0,6.0
"BIC ROAD, NF",,6.0,,,,6.0
FAYAL ROAD,,,38.5,-28.6,6.0,6.0
"FLAT ISLAND, MAURITIUS",6.0,,-20.2,57.5,,6.0
BRIZZLE HARBOUR,6.0,,,,,6.0
NEW CALEDONIA,6.0,,,,,6.0
PANGOOL,,5.0,-9.33,113.68,1.0,6.0
WIENEBAH,6.0,,,,,6.0
CAPE APPALONIA,,6.0,,,,6.0
FERROL HARBOUR,6.0,,43.48,-8.24,,6.0
BAYONNE,6.0,,43.49,-1.47,,6.0
JAMES TOWN,,,-15.93,-5.73,5.0,5.0
PAL,5.0,,,,,5.0
ALICANTE?,,5.0,38.35,-0.48,,5.0
ST AUGUSTINE FLORIDA,,5.0,,,,5.0
TRIPOLI,,5.0,,,,5.0
MADAGASCAR BAY,,,-16.0,50.0,5.0,5.0
PONGER,,,2.1,102.3,5.0,5.0
A CRUZAR SOBRE HUELVA,,5.0,,,,5.0
WESTRAY HEAD,5.0,,,,,5.0
GASPY BAY,5.0,,,,,5.0
BRISSELL HARBOUR,,5.0,,,,5.0
SIMONSBAAY,,,-34.85,18.345,4.0,4.0
YAM BAY,,4.0,,,,4.0
SURATE,,,21.08,72.68,4.0,4.0
MEW BAY-JAVA,4.0,,-7.5,110.0,,4.0
SEMARANG,2.0,2.0,,,,4.0
TILLICHERRIE,,,11.73,75.48,4.0,4.0
OWHYHEE,4.0,,,,,4.0
SAINT MARTIN DE RÉ,,4.0,,,,4.0
SANTO DOMINGO,,,18.45,-69.87,4.0,4.0
DELFZIJL,,4.0,,,,4.0
CARENAGE ENTRANCE,,,14.59,-61.07,4.0,4.0
SALDANNE BAAIJ,1.0,3.0,,,,4.0
GRIZEE,,4.0,,,,4.0
DUNGEONESS,4.0,,,,,4.0
MONTSERRAT,,4.0,16.75,-62.2,,4.0
LA GUYARA,,4.0,,,,4.0
MUSCATTE,,,23.62,58.58,4.0,4.0
OPORTO,4.0,,41.15,-8.61,,4.0
CRUISING OFF SANDY HOOK,,4.0,,,,4.0
PASGEROEANG,4.0,,,,,4.0
MANETER,2.0,,-5.95,106.53,2.0,4.0
"ANTICOSTA ISLAND, NF",,4.0,,,,4.0
KRUISJENDE (BIJ FANARA),,4.0,,,,4.0
LA CORUNA,,,43.42,-8.71,4.0,4.0
BOCA CHICA,,3.0,10.63,-75.85,1.0,4.0
MAREGAT,,3.0,51.72,2.92,1.0,4.0
RIO JANEIRO,,,-22.85,-43.15,3.0,3.0
LEVANTE Y TORREVIEJA Y VUELTA,,3.0,,,,3.0
PORTO PRAYO,,,14.92,-23.48,3.0,3.0
"ENGLISH HARBOUR, ANTIGUA",,,17.0,-61.76,3.0,3.0
KUST VAN SURINAME (AMW),,,5.7,-53.41,3.0,3.0
"PORTE CABELLO, BONAIRE",,3.0,,,,3.0
VALPARAISA (CHILE),,3.0,-1.46,-48.5,,3.0
SALDANHA BAAI,,,-33.06,17.8,3.0,3.0
OEDJONG PANKA,,3.0,,,,3.0
LAGUAIRE,,,10.72,-67.02,3.0,3.0
FUNCHALL ROAD,2.0,,32.63,-16.88,1.0,3.0
ANJENGO ROAD,,,8.66,76.78,3.0,3.0
PORTO CAVALLO,,3.0,41.15,-8.61,,3.0
FOLTHA,1.0,2.0,,,,3.0
SANTA CRUZ DE TENERIFE,,,28.45,-16.25,3.0,3.0
BRAGUES BAAI,,3.0,,,,3.0
ZUIDERWACHTER,,,-5.7,106.72,3.0,3.0
KAAP MONTE EN KAAP MIZURADO,,,6.33,-10.83,3.0,3.0
GROOT CANARIA,,,28.28,-15.42,3.0,3.0
BAROS,,3.0,,,,3.0
ELBA,3.0,,,,,3.0
ASCENTION,,,-7.95,-14.37,2.0,2.0
SACRAMENTO,,2.0,,,,2.0
SINT HELENA,,,-15.975,-5.715,2.0,2.0
OFFSHORE SABA,2.0,,,,,2.0
PUNTO CAIL,,,8.45,78.325,2.0,2.0
SURINAME RIVIER,,,7.165000000000001,-55.585,2.0,2.0
OFF OLERON,,,46.03,-1.32,2.0,2.0
GOEREE,,,33.15,-7.395,2.0,2.0
TILLICHERRY (TELLYCHERRY) FLAG,,,11.73,75.48,2.0,2.0
TILLICHERRY ROAD,,,11.73,75.48,2.0,2.0
MOLE,,,19.8,-73.4,2.0,2.0
WOLF ISLAND,2.0,,,,,2.0
BOMBAY ROAD,,,18.93,72.85,2.0,2.0
ROUWEN EILAND,,,-7.215,105.375,2.0,2.0
TORREVIEJA,,,38.07,-0.3399999999999999,2.0,2.0
TAFELBAAIJ,,1.0,-33.89,18.44,1.0,2.0
SAN ANTONIO,,,55.225,-135.855,2.0,2.0
MADDELENE BAAIJ,,,79.7,11.0,2.0,2.0
S MARTENS EYLANT,,,46.485,-2.395,2.0,2.0
PORTO PRAAIJA,,,15.05,-23.16,2.0,2.0
NIEUPORT GAT,,,51.16,2.71,2.0,2.0
ALTEA,,,38.26,-0.315,2.0,2.0
SINKEL,,2.0,,,,2.0
BRAMSPUNT (SURINAME),,,6.225,-55.015,2.0,2.0
MARVILE BAY,,,-17.66,49.51,2.0,2.0
ANGROSTON,,,38.66,-27.33,2.0,2.0
COCHINE ROAD,,,9.96,76.25,2.0,2.0
SAN THOME,,,-0.83,8.68,1.0,1.0
FAGAL,,,-6.65,109.66,1.0,1.0
CAAP DE GOED HOOP,,,-34.87,19.77,1.0,1.0
KLIJN FORTUIJN,,,-5.98,102.75,1.0,1.0
PULO NYAS,,,0.6,97.63,1.0,1.0
TENERIF SANTA CROIX,,,28.78,-16.07,1.0,1.0
MAROWIJNE,,,5.83,-52.83,1.0,1.0
STA. CRUZ DE TENERIFE,,,28.57,-17.47,1.0,1.0
NOKO,,,49.6,-126.9,1.0,1.0
COUR JEANS,,,43.38,7.13,1.0,1.0
ROXENT BIJ KASTEEL BEELEN,,,39.5,-9.89,1.0,1.0
CAAP FRANCAIS (PVW),,,19.5,-69.83,1.0,1.0
CABO MISERADO,,,6.47,-11.5,1.0,1.0
PUNTO GALE (BUITENRHEDE),,,6.02,80.22,1.0,1.0
FORT ORANGE TE SOERABAYA,,,-7.23,112.7,1.0,1.0
PUERTO PRAYA,,,14.88,-23.5,1.0,1.0
SANTO DOMINGO (14:30),,,18.45,-69.87,1.0,1.0
YSLA DE SANTA CATHALINAYSLA DE SANTA CATHALINA,,1.0,,,,1.0
RADE DU BASQUE,,,46.3,-2.25,1.0,1.0
"YAM BAY, ONEEHOW",,,21.95,-160.25,1.0,1.0
WILLEMSTAD,,,52.1,3.22,1.0,1.0
FONSIAL,,,32.83,-16.18,1.0,1.0
3E HOEK VAN JAVA,,,-7.25,105.61,1.0,1.0
FORT CORMANTIJN,,,5.6,0.52,1.0,1.0
TUSSEN KAAP MONTE EN KAAP MIZURADO,,,6.53,-11.32,1.0,1.0
PRINCIPE,,,1.63,8.0,1.0,1.0
RIVIER BASSE? EN DE HEUVEL?,,,5.55,-9.75,1.0,1.0
FORT ST DAVID ROAD,,,11.77,79.78,1.0,1.0
POLOC BABIE,,,-5.8,106.28,1.0,1.0
DOODKIST VAN SEDAIJO,,,-6.62,112.25,1.0,1.0
KLEIN MESURADO,,,6.55,-11.7,1.0,1.0
SAMBOANGA,,,6.92,122.08,1.0,1.0
ALIC.?,,1.0,,,,1.0
GROU SESTRA,,,4.57,-8.23,1.0,1.0
FORT ST GEORGE TE ELMINA,,,4.8,-1.6,1.0,1.0
LA BAYE DU INAGUE,,,20.95,-73.7,1.0,1.0
RIO DE JENEIRO,,,-23.15,-42.23,1.0,1.0
HELVOET,,,51.81,4.08,1.0,1.0
MAROWIJNE/PARAMARIBO,,,6.03,-55.32,1.0,1.0
BAAI VAN VALPARAISO,,,-33.17,-71.98,1.0,1.0
LA BAYE DE CHIBOUTOU,,,44.25,-67.48,1.0,1.0
TAFELBAAY,,,-33.68,18.35,1.0,1.0
MATAPICA KREEK,,,6.08,-53.98,1.0,1.0
NEW YORK BIJ BROOKLYN,,,40.5,-73.63,1.0,1.0
LAGOS,,,37.0,-7.28,1.0,1.0
COD DE ROI,,,47.97,-59.3,1.0,1.0
TRINCONAMAALE (NOORDER BAAI),,,8.57,81.22,1.0,1.0
KAAP EMANUEL,,,14.73,-17.7,1.0,1.0
SURINAME (PARAMARIBO),,,6.07,-55.11,1.0,1.0
SIMONS STAD,,,-34.65,18.62,1.0,1.0
CAP SALOMON,,,14.43,-60.47,1.0,1.0
"WOAHOO, S SIDE IN BAY",,,21.25,-157.83,1.0,1.0
ST CRUZ (AMW),,,28.57,-15.88,1.0,1.0
CAP CARTAGE,,,36.97,10.3,1.0,1.0
GOUDELOUPE,,,16.22,-63.78,1.0,1.0
JAMESTOWN,,,-16.4,-4.97,1.0,1.0
GROOT BASSAN,,,5.23,-3.75,1.0,1.0
ALMAZARRON,,,37.48,-1.22,1.0,1.0
ST THOMEE,,,-0.32,5.98,1.0,1.0
REDE RAMMEKENS,1.0,,51.45,3.65,,1.0
PANAMA (HW),,,8.92,-79.1,1.0,1.0
CONSTAPELS,,,4.81,-52.02,1.0,1.0
BELLAZOOR,,,21.55,87.4,1.0,1.0
NIEUWDIEP,,,52.79,4.35,1.0,1.0
FORT BRÉGANSON,,,42.88,7.0,1.0,1.0
MORAVIA,,,38.3,6.0,1.0,1.0
ASCENCION,,,-7.95,-14.37,1.0,1.0
ALGOA,,,-33.83,26.0,1.0,1.0
FORT ROYAAL,,,14.32,-61.08,1.0,1.0
HOEK VAN LASSAN,,,-6.0,111.63,1.0,1.0
KAAP DAS PALMAS,,,4.35,-8.25,1.0,1.0
ISLA DE AUGERS,,,-5.1,106.05,1.0,1.0
LA BAIE D'ESTAING,,,48.98,141.67,1.0,1.0
KIJKDUIN,,,51.83,2.18,1.0,1.0
KAAP TAGARIJN,,,8.2,-13.28,1.0,1.0
TRINIDAD,,,10.82,-60.9,1.0,1.0
SAN JUAN DE PUERTO RICO,,,18.58,-66.0,1.0,1.0
ENSENADA DE LA ESCOMBRERA,,,37.52,-1.0,1.0,1.0
D'ELMINA,,,5.08,-1.27,1.0,1.0
PORTO PRAIJA,,,15.09,-23.27,1.0,1.0
"BOCHT VAN INDERMAIJO, NOORD-JAVA",,,-5.98,108.35,1.0,1.0
CIENFUEGOS,,,21.67,-80.52,1.0,1.0
GROOT CANARIEEN,,,28.5,-16.78,1.0,1.0
TUSSEN CABO CANIE EN RIO SESTRE BIJ NEGERIJ TRITON,,,5.67,-10.5,1.0,1.0
SOURATTA,,,21.08,72.68,1.0,1.0
ISLA SANTA CATALINA (BRASIL)Y VUELTA,,1.0,,,,1.0
BOCHT VAN SAMARANG,,,-6.25,110.6,1.0,1.0
"SANTA CRUZ, TENERIFFE",,,28.45,-16.25,1.0,1.0
GROOT CANARIËN,,,28.1,-15.4,1.0,1.0
KAAP ANGUILLAS,,,-35.17,20.33,1.0,1.0
KRACCATAU,,,-6.18,105.43,1.0,1.0
RIO DE GABON,,,0.45,8.65,1.0,1.0
LA CONCEPCION DE CHILE,,,-37.1,-73.35,1.0,1.0
"MONTEVIDEO (PRIMERO VAN A STA. CATALINA, BRASIL)",,1.0,,,,1.0
PONNEKAYL,,,8.63,78.15,1.0,1.0
KAAP (OF PUNT) JAIJL OF CAIJL?,,,8.63,78.15,1.0,1.0
ANNABAE,,,-1.4,5.66,1.0,1.0
ALMERIA,,,36.8,-1.95,1.0,1.0
2E HOEK VAN JAVA,,,-6.92,105.12,1.0,1.0
KAAP FRIO,,,-22.88,-42.0,1.0,1.0
CROC,,,42.93,-46.84,1.0,1.0
KUST VAN GUIJANA,,,4.7,-51.1,1.0,1.0
RIO JONKJE,,,6.0,-10.8,1.0,1.0
SANTA CHRUX,,,28.45,-16.25,1.0,1.0
HARGATE,,,51.37,2.44,1.0,1.0
COAL HARBOUR IN COOK'S RIVER,,,59.53,-151.83,1.0,1.0
LA GUIJARA,,,10.62,-67.43,1.0,1.0
BAAIJ ARIOKA,,,-18.68,-70.58,1.0,1.0
PUERTO DE FLORIDA BLANCA,,,54.43,-134.86,1.0,1.0
LA BAYE DE INAGUE,,,20.95,-73.7,1.0,1.0
CARRACA / BAAI VAN CADIZ,,,36.88,-7.8,1.0,1.0
MOTKREEK (SURINAME),,,6.67,-54.05,1.0,1.0
MOREA,,,-6.28,111.42,1.0,1.0
BILBOA,,,43.58,-3.38,1.0,1.0
CABO DE HOOP,,,-34.2,18.67,1.0,1.0
"WYMOA BAY, ATOUI",,,21.9,-159.66,1.0,1.0
DASSENEILAND,,,-33.4,18.0,1.0,1.0
BOMBAY HOEK,,,38.97,-75.1,1.0,1.0
"FREE TOWN, SIERRA LEONE",,,8.55,-13.42,1.0,1.0
ANGER,,,-6.05,105.91,1.0,1.0
PONNE CAIJL,,,7.75,77.5,1.0,1.0
DES SALINES D'HAIRES,,,43.17,7.1,1.0,1.0
BOCHT VAN BANTAM,,,-6.25,104.68,1.0,1.0
PORTO PRAIO,,,14.93,-22.45,1.0,1.0
SUZAC,,,44.98,-1.97,1.0,1.0
ENGLISCH HARBOUR,,,16.88,-61.65,1.0,1.0
ALLER HEILIGE BAAI,,,-14.58,-37.78,1.0,1.0
PRINSENEILAND,,,-6.56,105.47,1.0,1.0
DES ISLES D'AIRES,,,42.67,6.98,1.0,1.0
RIO ST PAUL,,,6.27,-11.5,1.0,1.0
L'ISLE ARAMIEN,,,14.53,-60.49,1.0,1.0
SANTA CRUZ OP TENERIFFE,,,28.45,-16.25,1.0,1.0
LA CORUÑA.,,,43.58,-8.38,1.0,1.0
LARWICK,,,60.15,-1.12,1.0,1.0
PARAMARIBO (13-02-1834),,,6.12,-55.36,1.0,1.0
SAINTE-CATHERINE,,,-26.85,-47.49,1.0,1.0
ZO VAN BUFFELS PUNT,,,-33.93,17.95,1.0,1.0
", LA MAR ALGO PICADA DE ÉSTE ANOCHECIÓ LOS ORIZONT",,1.0,,,,1.0
PARAMARIBO (AMW),,,6.07,-54.42,1.0,1.0
TUSSEN KAAP ORANGE EN CONSTAPELS,,,4.28,-49.02,1.0,1.0
CABO DE GOEDE HHOOP,,,-33.93,18.0,1.0,1.0
PLYMOUTH (PVW),,,50.12,-4.35,1.0,1.0
PUNTO GALE (BUITEN),,,6.02,80.22,1.0,1.0
ST CROIX,,,28.62,-17.03,1.0,1.0
FAMILIE EILANDEN,,,5.48,-49.92,1.0,1.0
SALANGOOR,,,3.33,101.22,1.0,1.0
JUAN FERNANDEZ,,,-33.66,-78.9,1.0,1.0
ST ANNA BAAI,,,12.22,-68.08,1.0,1.0
KUST VAN SURINAME,,,5.0,-52.06,1.0,1.0
PORTO CRAJO,,,15.12,-23.03,1.0,1.0
NABIJ BATAVIA EN ONRUST,,,-6.0,106.8,1.0,1.0
"BATTUS, ANTWERPEN.",,,50.95,1.12,1.0,1.0
JAPANA,,,-6.5,110.52,1.0,1.0
PAMANOEKAN,,,-6.1,108.18,1.0,1.0
VILLA FRANCA BAY,,,43.7,7.33,1.0,1.0
LA PLAYA DE LA CARBONERA,,,36.08,-1.92,1.0,1.0
"ST ANNA BAAI, CURACAO",,,11.95,-68.43,1.0,1.0
VALPARAISO (HW),,,-33.08,-71.67,1.0,1.0
RIVER HUGHLY,,,21.3,87.45,1.0,1.0
LOEBAN,,,-6.43,111.83,1.0,1.0
TUSSEN DE 3E EN 4E HOEK VAN JAVA,,,-6.57,105.07,1.0,1.0
CLARENCE COVE,,,3.72,8.63,1.0,1.0
BAAI VAN ROADSTAED (= ST CRUZ),,,28.68,-16.07,1.0,1.0
D'ANTHIOCHE,,,46.72,-5.23,1.0,1.0
DUNGENES,,,50.98,1.32,1.0,1.0
RIO SURINAME,,,6.33,-54.82,1.0,1.0
KAAP/TAFELBAAI,,,-33.89,18.44,1.0,1.0
PLANTAGE RESOLUTIE N 1/2 O,,,6.15,-54.75,1.0,1.0
EL PLACER DE CAYO GÜINCHOS,,,22.95,-78.87,1.0,1.0
ROBBEN EILAND,,,-33.8,18.37,1.0,1.0
ISLA DE LOS VALIENTES,,,5.67,158.57,1.0,1.0
SAN LORENZO DE NUCA Y VUELTA,,1.0,,,,1.0
HELLEVOETSSLUIS,,,51.27,1.67,1.0,1.0
TUSSEN DE HOEK VAN PAMALANG EN DE H VAN COROWALANG,,,-6.27,109.92,1.0,1.0
OLD ROAD; ST CHRISTOFFEL,,,17.38,-61.56,1.0,1.0
CAPE BON ESPERANCE,,,-35.03,15.97,1.0,1.0
PLAYA DE MIEL (BARACOA),,,20.32,-72.94,1.0,1.0
HELLVOETSLUIS,,,51.81,2.68,1.0,1.0
LUCIPARA,,,-5.5,127.5,1.0,1.0
"LANGS DE BOVENKUST, NABIJ KAAP TAGARIN",,,8.47,-13.5,1.0,1.0
SAINT MARC,,,19.11,-72.74,1.0,1.0
MACASSAR,,,-7.55,119.62,1.0,1.0
LA HAVANA,,,23.11,-82.41,1.0,1.0
FORT BOTTROU,,,4.8,-1.93,1.0,1.0
MANAPAAR,,,8.02,77.09,1.0,1.0
ST ANTONIO,,,18.67,-24.42,1.0,1.0
PUNNACAIJL,,,8.63,78.15,1.0,1.0
KAAP DE GOEDE HOOP (TAFELBERG),,,-34.24,18.65,1.0,1.0
POST ORANJE,,,6.32,-54.24,1.0,1.0
TAPACHORIA,,,-26.75,-48.6,1.0,1.0
PUERTO DE LA HABANA,,,23.13,-82.39,1.0,1.0
CANARIAS,,,27.7,-13.55,1.0,1.0
ISLE DE RHÉ,1.0,,,,,1.0
AXIM EN ELMINA,,,4.28,-4.92,1.0,1.0
PORT DES BARQUES,,,46.0,-1.1,1.0,1.0
LUCEPARA,,,-3.95,106.38,1.0,1.0
COEPANG,,,-10.02,123.4,1.0,1.0
                       VIENTO ESTE BONANCIBLE,1.0,,,,,1.0
SAINTE-CROIX,,,28.53,-16.54,1.0,1.0
ENGLISH ROAD ISLAND,,,17.67,-21.82,1.0,1.0
LAS AGUILAS,,,37.02,-1.8,1.0,1.0
SANTA CROIX,,,28.65,-16.25,1.0,1.0
HELLEVOETSLUIS VIA KAAP DE GOEDE HOOP EN NOORWEGEN,,1.0,,,,1.0
MATANZAS,,,23.42,-82.05,1.0,1.0
ST NICOLE,,,,,,0.0
CHENAL DE CHARRA,,,,,,0.0
SAN JOSE,,,,,,0.0
NIEUWEDIEP (AMW),,,,,,0.0
LA BAIE DE MANILLE,,,,,,0.0
ALLERHEILIGEN BAAI,,,,,,0.0
L'ISLE DAIX,,,,,,0.0
ST. LUCIE,,,,,,0.0
LA RADA DE MONTECRISTO,,,,,,0.0
REUNION,,,,,,0.0
FIDOR,,,,,,0.0
PLYMOUTH?,,,,,,0.0
WHAMPOO,,,,,,0.0
HIGHLAND OF CAPE MOUNT,,,,,,0.0
BAAI ST ANNA,,,,,,0.0
"SCHIEDAM, ALMANSHAVETIE",,,,,,0.0
STAD AMBON,,,,,,0.0
MONTSARET,,,,,,0.0
TUSSEN 2E EN 3E HOEK,,,,,,0.0
LA GUARIJA (31-12-1847),,,,,,0.0
GROOT CANARIEN,,,,,,0.0
HET DORP DEEL,,,,,,0.0
GONER,,,,,,0.0
OUIDAH,,,6.35,2.08,,0.0
TUSSEN VOORLAND EN MOKKEHOK,,,,,,0.0
PULLICAT ROAD,,,,,,0.0
STE CROIX DE TENERIFFE,,,,,,0.0
LA BAYE DU SAINTS,,,,,,0.0
"AQUADILLA, PORTO RICO",,,41.15,-8.61,,0.0
GIJON,,,,,,0.0
LA ROCHE,,,,,,0.0
LE BAT,,,,,,0.0
SIJMONSBAAI,,,,,,0.0
SAINT MALO,,,,,,0.0
PLANTAGE SOESDIJK. BORSELEN,,,,,,0.0
ST JOHNS ROAD ANTIGUA,,,17.12,-61.85,,0.0
GROOT BASA,,,,,,0.0
BOURDEAX,,,,,,0.0
ISLE D'AYX,,,,,,0.0
DEAL,,,51.22,1.4,,0.0
TOWN OF BRUNSWICK,,,,,,0.0
CAAP MUSERADE,,,,,,0.0
LA RADE DU BREST,,,48.4,-4.5,,0.0
KEDAH,,,,,,0.0
OUDE MAAS,,,,,,0.0
SAINTE LUCIE,,,,,,0.0
HAROEKOE,,,,,,0.0
LEGHORN ROAD,,,43.55,10.32,,0.0
L'SLE DE RHÉ,,,,,,0.0
L'ISLE DE MADERE,,,,,,0.0
DARLEAUS,,,,,,0.0
TTUSSEN 2E EN 3E HOEK,,,,,,0.0
BORQUE,,,,,,0.0
RIO SIN PAULO,,,,,,0.0
LE HABRE DE L'ARK,,,,,,0.0
EUSTATIUS,,,,,,0.0
SINT MARTIN,,,,,,0.0
VERDME,,,,,,0.0
CRANGENOOR,,,,,,0.0
TUSSEN ST NICOLAAS PUNT EN POULO PANGERING,,,,,,0.0
BANTAM,,,,,,0.0
MOUILLAGE DU PARIS,,,,,,0.0
FORT SAINT PIERRE,,,,,,0.0
PETIT FOURLANTE,,,,,,0.0
GUARDAMAR,,,,,,0.0
BARBADE,,,,,,0.0
POULO BABY,,,,,,0.0
NIEUW GAT,,,,,,0.0
HOOFDPLANTAGE,,,,,,0.0
ISLE SAINE BERNABÉ,,,,,,0.0
CARLISLE BAAI,,,,,,0.0
BECOUYA,,,,,,0.0
RIO JONCKJE,,,,,,0.0
BAAI VAN OLUFSWIG/IJSLAND,,,,,,0.0
SAINT MATHIEU,,,,,,0.0
REDE TEXEL,,,,,,0.0
EDINBURGH,,,,,,0.0
NOUVEAU FÉROLLE,,,,,,0.0
VICTORIA,,,,,,0.0
ST. CHRISTOPHE,,,,,,0.0
MOUTH OF RIVER BURSELL,,,,,,0.0
POINT-A-PITRE,,,,,,0.0
FORT HOLLANDIA,,,,,,0.0
KAAP APOLLONIA,,,,,,0.0
ST PIERRE DE NIQUELON,,,,,,0.0
GRENADE,,,,,,0.0
SUIKERBROOD/RIO DE JANEIRO,,,,,,0.0
ST NICOLAAS HOEK,,,,,,0.0
OUDE SCHILDT,,,,,,0.0
SESTRA CROU,,,,,,0.0
FONSIJAAL,,,,,,0.0
RANCKERA DE INDIOS BAAI,,,,,,0.0
RIVIER VAN DEMERARY,,,,,,0.0
SCHULPENGAT,,,,,,0.0
"BAAIJ TE KARAKOKOA (KEALAKEKUA BAY, BIJ NAPOOPOO)",,,,,,0.0
GOLF VAN FORTH,,,,,,0.0
MODDERBANK/BRAMSPUNT,,,,,,0.0
FOLKSTOND,,,,,,0.0
ST MARC,,,,,,0.0
PLANTAGE DE DEBORA,,,,,,0.0
GAUDELOUPE,,,,,,0.0
MINDEN,,,,,,0.0
POELOE BABIJ,,,,,,0.0
EN PUERTO,,,,,,0.0
VOOR DE KUST VAN SURINAME,,,,,,0.0
GROS ISLEN,,,,,,0.0
"RIO GABON, ONDER KONINGS EILAND",,,,,,0.0
COURANTIJN,,,,,,0.0
HALIFAX HARBOUR,,,,,,0.0
TABELBAAI,,,,,,0.0
PUERTO NAVIOS,,,,,,0.0
ST HELENA ROAD,,,,,,0.0
ST NICOL,,,,,,0.0
PORTO SANCTO,,,41.15,-8.61,,0.0
DUSSES HARBOUR,,,,,,0.0
CHAMA,,,,,,0.0
ST. PIERRE,,,,,,0.0
EUSTACHIUS,,,,,,0.0
ISLES D'HIERES,,,,,,0.0
ST. EUSTACHE,,,,,,0.0
CANAL DE BICK,,,,,,0.0
ST. ANDRIES,,,,,,0.0
SPAETHEAD,,,,,,0.0
NARWICK,,,,,,0.0
RIVIER VAN LIMERICK,,,,,,0.0
PUERTO DE MATANZAS,,,,,,0.0
CAAP MESURADO,,,,,,0.0
ST LUCIE,,,,,,0.0
RIVIER DEMERARY,,,,,,0.0
CRISTOL,,,,,,0.0
MADERA,,,,,,0.0
RIVIER VAN SURINAME,,,,,,0.0
KLEIJN BAZAN,,,,,,0.0
SAINT LOUIS,,,,,,0.0
PORTO PRAYA IN ST JAGO,,,41.15,-8.61,,0.0
ST NICOLAASPUNT,,,,,,0.0
SPIEKENIS,,,,,,0.0
FYALL ROAD,,,,,,0.0
P. PEDANG,,,,,,0.0
CABO REDONDO,,,,,,0.0
NIEVES,,,,,,0.0
PORT PRAYA ROAD,,,,,,0.0
ISLES D'HAIRES,,,,,,0.0
DE VLIETER,,,,,,0.0
ST. CRUZ,,,,,,0.0
POINTE APITRE,,,,,,0.0
BENIDORM,,,,,,0.0
CLAPPER EILAND,,,,,,0.0
SURINAME (KUST),,,,,,0.0
CANAL DE SANTA BARBARA,,,,,,0.0
"SOUTH HONINGS CREEK, HONINGS HARBOUR",,,,,,0.0
VERGEROU,,,,,,0.0
SIMONS BAAI,,,,,,0.0
PORSMOUTH,,,,,,0.0
POINTE A PITRE,,,,,,0.0
FORT AMSTERDAM/RIO SURINAME,,,,,,0.0
MONTE CRISTI,,,,,,0.0
FENSHALL ROAD,,,,,,0.0
TERCEIRA,,,,,,0.0
PORT DE LUPPIN,,,,,,0.0
LA TRAVERSE,,,,,,0.0
FLORA,,,,,,0.0
"S NUBLADOS, EL VIENTO DICHO BONANCIBLE, LA MAR PIC",,,,,,0.0
LA VANTGARDE,,,,,,0.0
GRISSEE,,,,,,0.0
DE BESTE RHEEDE,,,,,,0.0
BRANDWAGT,,,,,,0.0
DUYNS,,,,,,0.0
SAINT MARTIN DE RHÉ,,,,,,0.0
CARIACOUX,,,,,,0.0
MADAGASCAR ROAD,,,,,,0.0
TUSSEN BOTTEWA EN RIO SINO,,,,,,0.0
PETITE GOAVE,,,15.5,73.83,,0.0
KUST VAN DE NOORDZEE,,,,,,0.0
ST. MARC,,,,,,0.0
RIVIER DEMERARIJ,,,,,,0.0
TEXEL TEN 5 U.,,,,,,0.0
MASSACHUSETS,,,,,,0.0
REEDE RAMMEKENS NTW VAN ONS,,,51.45,3.65,,0.0
SCHRAVENDEELZE HOOFD,,,,,,0.0
ROBBENEILAND,,,,,,0.0
CAMORASCA,,,,,,0.0
RAMMEIES,,,,,,0.0
REET EILAND,,,,,,0.0
PORT ADAIR,,,,,,0.0
RIO BERBIECIE VOOR PLANTAGE DE HERSTELLING,,,,,,0.0
VANTGARDE,,,,,,0.0
MONTECRISTI,,,,,,0.0
SALVAGES/TENERIFFE,,,,,,0.0
KREEK WIKKI,,,,,,0.0
BASQUES,,,,,,0.0
POORTLAND,,,,,,0.0
PLAYA DE MIEL,,,,,,0.0
FONTIAEL,,,,,,0.0
PETITE COUSLANDE,,,,,,0.0
HET VLAAK,,,,,,0.0
PORTUGALETE,,,,,,0.0
CAMAVET,,,,,,0.0
RICT EILAND,,,,,,0.0
PORT DES BARQUE,,,,,,0.0
ST TUDWALS,,,,,,0.0
DOUVER,,,,,,0.0
CADIZ BAY,,,,,,0.0
TAFELBAAI KAAP DE GOEDE HOOP,,,,,,0.0
B. PANJANG,,,,,,0.0
LA ESCOMBRERA,,,,,,0.0
LA BAY DE ST GEORGE,,,,,,0.0
KAAP MUSERAADO,,,,,,0.0
BAAI,,,,,,0.0
PORTE PRADIE,,,,,,0.0
STA CATALINA,,,,,,0.0
L'ISLE DU SALUT,,,,,,0.0
FONCIAAL,,,,,,0.0
EGMONT,,,,,,0.0
ONDER DE KUST,,,,,,0.0
STAD VAN GUADALOUPE,,,,,,0.0
PULO LAMANANG,,,,,,0.0
STE. LUCIE,,,,,,0.0
FORT ST ANTHONY TE AXIM,,,,,,0.0
PEVEL,,,,,,0.0
FORT N AMSTERDAM,,,,,,0.0
OOSTEINDE (DW),,,,,,0.0
STRAAT VAN GIBRALTAR,,,36.14,-5.35,,0.0
MONSARAT,,,,,,0.0
BRAZILIAANSE KUST,,,,,,0.0
DE SINGELS,,,,,,0.0
ISLE ST BERNABÉ,,,,,,0.0
SAN PEDRO,,,,,,0.0
GROOT MESURADO,,,,,,0.0
ENSENADA DE SANBORONBON,,,,,,0.0
SUIJKERBROOD (ST HELENA),,,,,,0.0
FORT LA FAYETTE,,,,,,0.0
LE HAVRE DE LAUNDER BAY DE INGERNACHOIX,,,49.49,0.11,,0.0
GRAND COURLAUDE,,,,,,0.0
DEMMERARIJE,,,,,,0.0
SALDANHA BAAY,,,,,,0.0
"OWHYHEE, KARARKAKOOA BAY",,,,,,0.0
ISLA DE ONZEL,,,,,,0.0
"ST ANNA BAAY, CURACAO",,,,,,0.0
ISLE OF MAY,,,,,,0.0
GROTE BOGT VAN T VOORLAND,,,,,,0.0
PULO PISANG,,,,,,0.0
LAGUARIJA,,,,,,0.0
ST CATHARINABAAI,,,,,,0.0
AGUILAS,,,,,,0.0
ANNAMBOE,,,,,,0.0
TORRE VIEJA,,,,,,0.0
WALCHEREN,,,,,,0.0
"SIMONSBAAY, BAAI FALSO",,,,,,0.0
VOLLAJOYOSA,,,,,,0.0
PORT DE SAINT JEAN,,,,,,0.0
APAM,,,,,,0.0
PORTO PRAIA,,,41.15,-8.61,,0.0
"FORT DUURSTEDE, SAPAROEA",,,,,,0.0
SAINTE BARBE,,,,,,0.0
CAYER,,,,,,0.0
ST CRUIZE,,,,,,0.0
VOOR DE RIVIER VAN SURINAME,,,,,,0.0
"FORTRES AMSTERDAM, SURINAME.",,,,,,0.0
LEOGANNE,,,,,,0.0
FONSIAEL,,,,,,0.0
TABAGO,,,,,,0.0
EL ESTACIO?,,,,,,0.0
NOORDHOEK VOORLAND,,,,,,0.0
CABO LAHOE,,,,,,0.0
SALDANHA BAAIJ,,,,,,0.0
SCHAAPEN EILAND,,,,,,0.0
BAAIJ FALS,,,,,,0.0
L'ISLE ST PIERRE,,,,,,0.0
ST. LOUIS,,,,,,0.0
LA ROQUE,,,,,,0.0
LA GRAND BAYE,,,,,,0.0
RIVIER VOORBIJ BRAMSPUNT,,,,,,0.0
BAAI VAN HANE FIORD,,,,,,0.0
FORT SABLE,,,,,,0.0
VIEGIELANTSIE,,,,,,0.0
GRAND CANARIEN,,,,,,0.0
PUERTO DE NAOS (LANZAROTE),,,,,,0.0
IJSLAND,,,,,,0.0
EL ESTARIO,,,,,,0.0
KUST VAN NEDERLANDS GUJANA,,,52.0,5.0,,0.0
4E HOEK VAN JAVA,,,-7.5,110.0,,0.0
ST JUAN,,,,,,0.0
LE CUL DE SAC,,,,,,0.0
ROOBAAIJ,,,,,,0.0
PLANTAGE DE DAGERAAD,,,,,,0.0
HINGORNACHOIX,,,,,,0.0
L'ARMONT,,,,,,0.0
MAKKELIKHOUT,,,,,,0.0
BOCHT VAN ANJER,,,,,,0.0
OLRAAD,,,,,,0.0
LA CORUÑA (11:00),,,,,,0.0
PLANTAGE SOESDIJK,,,,,,0.0
MADEIRA ROAD,,,32.65,-16.9,,0.0
HOEK VAN DE SINGEL,,,,,,0.0
NORTH SHIELDS,,,,,,0.0
KONINGSBAAIJ,,,,,,0.0
BEAUGENDRE,,,,,,0.0
WEST HOEK VAN TEXEL,,,,,,0.0
L'AVANT-GARDE,,,,,,0.0
LA DARSENA O POZA DE LOS MARTINEZ,,,,,,0.0
PRAYA,,,,,,0.0
HET KANAAL,,,,,,0.0
LA BAY DE PORT A PORT,,,,,,0.0
VLAK NA DE MODDERBANK VOOR FORT AMSTERDAM,,,,,,0.0
L'ISLE DE GROIS,,,,,,0.0
BRANDWACHT,,,,,,0.0
EL MULO DE SAN NICOLAS,,,,,,0.0
FRENTE A LA CASA REAL,,,,,,0.0
WESTHOEK VAN KAAP CAMERIJN,,,,,,0.0
CAMARIÑAS. LA CORUÑA,,,,,,0.0
TUSSEN LEEUWEKOP EN ROBBENEILAND,,,,,,0.0
DUSSIS HARBOUR,,,,,,0.0
ASSINE,,,,,,0.0
BATIMANS,,,,,,0.0
BEC,,,,,,0.0
FALSE BAAY,,,,,,0.0
ZUID VOORLAND,,,,,,0.0
CROIX,,,,,,0.0
LA RADE DES BASQUES,,,,,,0.0
LA GRANDE RADE DECHEF DE BAYE,,,,,,0.0
FURTHER INSHORE,,,,,,0.0
IETS VOORBIJ FORT AMSTERDAM,,,,,,0.0
JITOIS,,,,,,0.0
OFF HONINGS HARBOUR,,,,,,0.0
LA HOU,,,,,,0.0
INSIEGOERE,,,,,,0.0
NOORDBAAIJ,,,,,,0.0
KERKBAAI,,,,,,0.0
SACCONDU,,,,,,0.0
STA. CATALINA,,,,,,0.0
KAAP CORS,,,,,,0.0
SAINT PIERRE.,,,,,,0.0
WAHOO (17:00),,,,,,0.0
MODDERBANK VAN SURINAME,,,,,,0.0
DWARS IN DE WEG,,,,,,0.0
FANCHEAUL,,,,,,0.0
PORT MARCHAND,,,,,,0.0
LAVÁNGARGE,,,,,,0.0
LAVANT GARDE,,,,,,0.0
BAAI VAN RIO JANEIRO,,,,,,0.0
DIEU DANNE VOOR MARSEILLE,,,43.3,5.37,,0.0
"SIMONS BAAIJ, CABO DE GOEDE HOOP",,,,,,0.0
NIEUW AMSTERDAM,,,,,,0.0
RIO SESTER,,,,,,0.0
KUST VAN GUIANA,,,,,,0.0
BENEDEN MOERDIJK,,,,,,0.0
LA HABANA (09:30),,,,,,0.0
KAAP APOLONIA,,,,,,0.0
SAN NICOLAS,,,,,,0.0
BAAI MORTE,,,,,,0.0
BECOVIA,,,,,,0.0
ST GEORGE,,,,,,0.0
PORT DESIRE ROAD,,,,,,0.0
WALGEREN,,,,,,0.0
ST JUAN DE PORTO RICO,,,41.15,-8.61,,0.0
ST KITS,,,,,,0.0
CORANTIJN RIVIER?,,,,,,0.0
ST. NICOLADE,,,,,,0.0
GOEREE TEN 8 UREN,,,,,,0.0
SAINT VINCENT,,,,,,0.0
FUNCHIAL,,,,,,0.0
PORT DES BASQUE,,,,,,0.0
VALTA,,,,,,0.0
KLEIJN BASA,,,,,,0.0
PORT A CHOIX,,,,,,0.0
TUSSEN DE EILANDEN BEWESTEN BATAVIA,,,,,,0.0
HAMMERFEST HARBOUR,,,70.66,23.68,,0.0
MIDDELBURG EILAND,,,51.5,3.6,,0.0
L'ISLE DU NORD,,,,,,0.0
ST. MARTIN ISLE DU RÉ,,,,,,0.0
NASSIRES,,,,,,0.0
ONDER BONAIRE,,,,,,0.0
RIVIER VAN CAYENNE,,,4.93,-52.33,,0.0
MINDIN,,,,,,0.0
S HORNINGS - VOE HARBOUR,,,,,,0.0
BOUCAUD,,,,,,0.0
BASSE TERRE DE LA GUADELOUPE,,,16.25,-61.58,,0.0
"SCHIEDAM, OVER DEN BEER",,,,,,0.0
TUSSEN DE TAFELBAAI EN ROBBENEILAND,,,,,,0.0
SOLANO,,,,,,0.0
PLEIJMUIJDEN,,,,,,0.0
ST PIERRE OP MARTINIQUE,,,14.64,-61.02,,0.0
S HORNINGS - VOE HARBOUR (MAGGEROE ISLAND),,,,,,0.0
LE TRAVERS DE LA CALLE DU ROI,,,,,,0.0
"FORT ORANJE, GHANA",,,,,,0.0
ST MARTY,,,,,,0.0
BAAI VAN GRANADA,,,,,,0.0
FUNCHALL ROAD MADEIRA,,,32.65,-16.9,,0.0
PLANTAGE BACHELS,,,,,,0.0
PONTE VEDRA,,,,,,0.0
VOLTA,,,,,,0.0
"GUIYANA, VOOR DE KUST",,,,,,0.0
"CLARENCE COVE, FERNANDO PO",,,,,,0.0
EL ESTACIO,,,,,,0.0
VANILLAC,,,,,,0.0
PORTO PRAGEN,,,41.15,-8.61,,0.0
"ROYAL BAY, GEORGES ISLAND",,,,,,0.0
COSTÉ DE MOY,,,,,,0.0
POINTE NOIRE,,,,,,0.0
'T VLIE,,,,,,0.0
ST JEAN,,,,,,0.0
ST. NICOLAS,,,,,,0.0
PUERTO DE CUBA,,,,,,0.0
NUTKA,,,,,,0.0
LA BARQUE,,,,,,0.0
FORT WILLEM FREDERIK/RIO DEMERARY,,,,,,0.0
TAAGH,,,,,,0.0
PRAMI SANG,,,,,,0.0
LA VANT GARDE,,,,,,0.0
L'ISLE DES SAINTES,,,,,,0.0
"FORT AMSTERDAM, PARAMARIBO",,,-1.46,-48.5,,0.0
P. BABIE,,,,,,0.0
ISLA DE GROSA,,,,,,0.0
BRABANDS HOEDJE,,,,,,0.0
HOGSTUR,,,,,,0.0
GRANADE,,,,,,0.0
ANTIOCHE,,,,,,0.0
"FORT AMSTERDAM, PARAMARIBO.",,,-1.46,-48.5,,0.0
EL MORRO,,,,,,0.0
ST CATHERINA,,,,,,0.0
LANCE,,,,,,0.0
CARIACOU,,,,,,0.0
TEMATAVE,,,,,,0.0
KAAP GRINEZ,,,,,,0.0
CABO FINISTERRE,,,,,,0.0
PORTMOUTH,,,,,,0.0
SURINAME (EW),,,,,,0.0
ST.LOUIS DE MARIE GALANTE,,,,,,0.0
BEOOSTE PAMPUS,,,,,,0.0
BASQUER,,,,,,0.0
FORT NASSAU,,,,,,0.0
HOEK VAN BANTAM,,,,,,0.0
EILAND MIDDELBURG,,,51.5,3.6,,0.0
GROSPE ROCHE,,,,,,0.0
POST ST ANDRIES,,,,,,0.0
VIGO,,,42.23,-8.73,,0.0
DEL FEUGO,,,,,,0.0
ST. PIERRE DE NIQUELON,,,,,,0.0
BERBIECIE RIVIER?,,,,,,0.0
LA BAYE DES TROIS ISLES,,,,,,0.0
PLANTAGE OOSTERMEER,,,,,,0.0
TIMOAN,,,,,,0.0
DE DEURLOO,,,,,,0.0
ISLA MARGARITA,,,,,,0.0
BARENSON,,,,,,0.0
"CURACAO, VOOR HET WAAIGAT",,,,,,0.0
WEST SIDE OF CARLISE SOUND,,,,,,0.0
KAAP TAGRIN,,,,,,0.0
AZIM,,,,,,0.0
LAMNIFORD HARBOUR,,,,,,0.0
BARQUES,,,,,,0.0
PAITA,,,,,,0.0
"ALRAD, ST CHRISTOFFEL",,,,,,0.0
OFF DOVER,,,51.13,1.31,,0.0
ST HELLENA ROAD,,,,,,0.0
CABO DE BUENA ESPERANZA,,,,,,0.0
ISLA DE LAS CABRAS,,,,,,0.0
TAMARA EILAND,,,,,,0.0
LANZAROTE,,,,,,0.0
"ST CRUZ, TENIRIFFE",,,,,,0.0
SIMONSBAAIJ (17H),,,,,,0.0
ST CRUZ DE TENERIFE,,,,,,0.0
FALS EN SIMONSBAAY,,,,,,0.0
SAINT THOMAS,,,,,,0.0
GONAVE,,,,,,0.0
LA HABANA (12:30),,,,,,0.0
ST NICOLAAS PUNT,,,,,,0.0
KAAPSCHE REDE,,,,,,0.0
FRANCISCO IN LEANDO BAAY,,,,,,0.0
ZW HOEK VAN JAVA,,,-7.5,110.0,,0.0
CUMANA,,,,,,0.0
ST PAULO,,,,,,0.0
OLD ROAD,,,,,,0.0
L'ISLE DE LA MARGUÉRITE,,,,,,0.0
BOURDEAUX,,,,,,0.0
SAN GREGORIO,,,,,,0.0
PLANTAGE HELVETIA,,,,,,0.0
KASTEEL SAVENS,,,,,,0.0
ST. FRAMOINE,,,,,,0.0
LA RIVIERE FEROU,,,,,,0.0
PLANTAGE GOD ZIET ALLES,,,,,,0.0
MARACK BAAIJ,,,,,,0.0
MONTECRISTO.,,,,,,0.0
ISLA DE CABRAS,,,,,,0.0
DOEVER,,,,,,0.0
MARGATE,,,,,,0.0
GRAN CANARIA,,,,,,0.0
D' ELMINA,,,,,,0.0
PLANTAGE GOED LAND GOED FORTUIJN,,,,,,0.0
ANNA MARIA (NOAHIWA),,,,,,0.0
ISLE DE LA RAFALLE,,,,,,0.0
LA GRANDE BAYE,,,,,,0.0
ESTACIO,,,,,,0.0
BOUTEROE,,,,,,0.0
DE COULON,,,,,,0.0
WIGHT,,,,,,0.0
BARACOA,,,,,,0.0
EILAND PRINSIES,,,,,,0.0
BIJ LAND,,,,,,0.0
LA ISLA DE S LORENZO,,,,,,0.0
P. PANJANGH,,,,,,0.0
"BAAIJ VAN CAVITA (CAVITE 14:29N, 120:54O)",,,,,,0.0
CAMARET,,,,,,0.0
TRINITÉ,,,,,,0.0
CHEBUKTA HARBOUR,,,51.5,-0.1,,0.0
ONDER DEN VLIETER,,,,,,0.0
RIO DEMERARIJ,,,,,,0.0
DUNKIRK,,,51.03,2.38,,0.0
MARTRON,,,,,,0.0
BERTHOME,,,,,,0.0
SAINTE MARIE,,,,,,0.0
SCARBOROUGH,,,,,,0.0
BOUCAUT,,,,,,0.0
P PANJANG,,,,,,0.0
RIVIER VAN CORK,,,51.9,-8.47,,0.0
ANTIQUA,,,,,,0.0
MARGUERITE,,,,,,0.0
PORT DE BARQUES,,,,,,0.0
L'ISLE DE RE,,,,,,0.0
BOTTEWA,,,,,,0.0
ZERLIONES,,,,,,0.0
ANTIQUE,,,,,,0.0
SIBERUT EN SIPORA,,,,,,0.0
POLO PANJANG,,,,,,0.0
AQUITA OF QUITA,,,,,,0.0
CHESAPEAKE BAAI,,,,,,0.0
TOR BAIJ,,,,,,0.0
MESURADO,,,,,,0.0
BOUILLANTE,,,,,,0.0
SANGHAI,,,,,,0.0
GULF OF PARIA,,,,,,0.0
FUNCHALL (MADEIRA),,,32.65,-16.9,,0.0
PUNTA NAGA,,,,,,0.0
BAHÍA DE CÁDIZ.,,,,,,0.0
LA BAYE DU FUNCHAL,,,,,,0.0
CASTREIS,,,,,,0.0
KLEIN KAAP MONTO,,,,,,0.0
MOTHERBANK ONDER WIGHT,,,,,,0.0
LE PORT DE SONDER,,,,,,0.0
DINAGUE,,,,,,0.0
KLEINE EN GROOTE COMBUIS,,,,,,0.0
ALMERIE,,,,,,0.0
LA RADE DE LA PALINE,,,,,,0.0
KASTEEL VAN BOULIJN,,,,,,0.0
SENAUX,,,,,,0.0
GUADALOUPE,,,,,,0.0
DICKS COVE,,,,,,0.0
PORT PRIOR (ST JAGO),,,,,,0.0
PORTE PRAAY,,,,,,0.0
BOUTRY,,,,,,0.0
STE. PAISONT,,,,,,0.0
PULO BESSY,,,,,,0.0
CHERBOURG,,,49.64,-1.62,,0.0
RADE DE BASQUE,,,,,,0.0
SOUVERTURE DE LA RIVIERE DE CHAREUTE,,,,,,0.0
FONTIAAL,,,,,,0.0
ST NICOLAS,,,,,,0.0
LA ENSENADA,,,,,,0.0
BRIZELL HARBOUR,,,,,,0.0
KAAP APPOLONIA,,,,,,0.0
ISLE MINGAUT,,,,,,0.0
TUSSEN EILANDEN RIJN EN ORNAAL,,,,,,0.0
JAISSEAU,,,,,,0.0
ROSEAU DE LA DOMINIQUE,,,,,,0.0
VLAK BIJ BRAMSPUNT,,,,,,0.0
KUST IN HET KANAAL,,,,,,0.0
SANDEN CASTLE,,,,,,0.0
MENSCHENETER EN GROOTE COMBUIS,,,,,,0.0
WEST COWES,,,,,,0.0
FINISTERRE,,,,,,0.0
HELVOETSSLUIS,,,,,,0.0
JEEREN,,,,,,0.0
LEONIDE,,,,,,0.0
RIVIER DE COPPENAME,,,,,,0.0
NIEUWE SLUIS,,,,,,0.0
FONCHIEAL ROAD,,,,,,0.0
CARNARR BAY,,,,,,0.0
PORMAN,,,,,,0.0
PORTO PRAYA (AMW),,,41.15,-8.61,,0.0
BAAIJ VAN LA LUS,,,,,,0.0
CEVITA BIJ ST MACHIEL,,,,,,0.0
DAGERAAD,,,,,,0.0
OLRAD,,,,,,0.0
GROTE BOGT,,,,,,0.0
FORT ORANJE,,,,,,0.0
PORT LUIS,,,,,,0.0
FORT ST. ANTOINE,,,,,,0.0
PALLIACATTE OP DE COROMANDELKUST,,,,,,0.0
MONTECHRISTO,,,,,,0.0
CARBONERA,,,,,,0.0
PORT DU BARQUES,,,,,,0.0
LEOGANE,,,,,,0.0
HELLEVOETSLUIS (PVW),,,,,,0.0
CAABO GOEDE HOOP,,,,,,0.0
KAAP FRANCOIS,,,,,,0.0
LA FLOTTE,,,,,,0.0
CASTILLO DE LAS COBRAS,,,,,,0.0
EILAND PRINSSE,,,,,,0.0
SINA RIVIER,,,,,,0.0
JAGUA,,,,,,0.0
