VoyageFrom,VoyageTo,count
MONTEVIDEO,LA CORUÑA,8742
LA CORUÑA,MONTEVIDEO,8513
ROTTERDAM,BATAVIA,7745
LA CORUÑA,LA HABANA,7523
LA HABANA,LA CORUÑA,6031
NEDERLAND,BATAVIA,5989
BATAVIA,ROTTERDAM,5373
NIEUWEDIEP,BATAVIA,5256
BATAVIA,NIEUWEDIEP,4677
BATAVIA,NEDERLAND,3533
TEXEL,BATAVIA,2548
BATAVIA,TEXEL,2279
BATAVIA,HELLEVOETSLUIS,2258
CÁDIZ,CÁDIZ,2138
HELLEVOETSLUIS,BATAVIA,2075
JAVA HEAD,DOWNS,1678
AMSTERDAM,BATAVIA,1635
LA HABANA,CÁDIZ,1571
BATAVIA,AMSTERDAM,1496
MONTEVIDEO,CÁDIZ,1407
BANJOEWANGIE,NIEUWEDIEP,1398
TEXEL,KAAP DE GOEDE HOOP,1302
DOWNS,BOMBAY,1242
DOWNS,MADRAS,1185
BATAVIA,BROUWERSHAVEN,1139
CURACAO,HELLEVOETSLUIS,1049
NEDERLAND,JAVA,959
RIO DE JANEIRO,BATAVIA,936
SPITHEAD,MADRAS,827
CÁDIZ,MONTEVIDEO,824
BATAVIA,KAAP DE GOEDE HOOP,790
SCHIEDAM,SPITSBERGEN,790
JAMAICA,SPITHEAD,771
JAVA HEAD,UK,754
SURINAME,MIDDELBURG,743
JAVA HEAD,ST HELENA,733
TABLE BAY,SPITHEAD,729
SPITHEAD,TABLE BAY,696
NEDERLAND,SURINAME,667
SPITHEAD,BARBADOS,660
RAMMEKENS,CEYLON,656
MIDDELBURG,CEYLON,647
MOTHERBANK,MADRAS,643
PORTSMOUTH,MADRAS,621
EL CALLAO,CÁDIZ,612
EL CALLAO (LIMA),CÁDIZ,564
BATAVIA,ANTWERPEN,553
ST HELENA,SPITHEAD,538
TABLE BAY,MADRAS,533
MADEIRA,ST HELENA,504
GRAVESEND,YORK FACTORY,475
TJILATJAP,NIEUWEDIEP,471
CURACAO,NEDERLAND,465
MONTEVIDEO,CADIZ,462
ROTTERDAM,MAKASSAR,455
BATAVIA,ZIERIKZEE,453
BREST,MARTINIQUE,449
NIEUWEDIEP,CALCUTTA,446
PLYMOUTH,MADRAS,439
ANTWERPEN,BATAVIA,439
PARAMARIBO,HELLEVOETSLUIS,429
SURINAME,NEDERLAND,429
HELLEVOETSLUIS,PARAMARIBO,426
HELLEVOETSLUIS,SURINAME,407
JAVA HEAD,DOWNS UK,403
GRAVESEND,CHURCHILL,396
SOERABAIJA,NIEUWEDIEP,395
PLYMOUTH,NEW ZEALAND,394
CALLAO,CÁDIZ,389
PLYMOUTH,BATAVIA,387
NEW YORK,BATAVIA,383
TEXEL,BENGAL,379
TABLE BAY,PLYMOUTH,377
PADANG,AMSTERDAM,373
RAMMEKENS,BATAVIA,371
VLISSINGEN,BATAVIA,369
TEXEL,SURINAME,362
ST HELENA,UK,361
SOERABAIJA,NEDERLAND,358
BATAVIA,RAMMEKENS,353
SPITHEAD,NEW YORK,350
ELMINA,SURINAME,347
MADRAS,SPITHEAD,346
PORTSMOUTH,BENGAL,342
LONDEN,CALCUTTA,327
KAAP DE GOEDE HOOP,BATAVIA,326
SPITHEAD,ST HELENA,325
CAPE OF GOOD HOPE,UK,324
ANTIGUA,SPITHEAD,323
PLYMOUTH,BARBADOS,322
CÁDIZ,VERACRUZ,320
ZIERIKZEE,BATAVIA,316
GULF OF GUINEA,SURINAME,314
BROUWERSHAVEN,BATAVIA,312
TAFELBAAI,BATAVIA,312
HELLEVOETSLUIS,RIO DE JANEIRO,312
PORTSMOUTH,"DIAMOND HARBOUR, BENGAL",311
WEST AFRIKA,SURINAME,310
SPITHEAD,HALIFAX,309
CORK,BARBADOS,307
GUINEA,SURINAME,304
SPITHEAD,MADEIRA,304
SURINAME,THE NETHERLANDS,302
JAVA,NEDERLAND,302
SPITHEAD,CARLISLE BAY,301
CURACAO,TEXEL,301
ROTTERDAM,JAVA,299
BATAVIA,ST HELENA,299
CHURCHILL,GRAVESEND,295
MANILA,CÁDIZ,295
YORK FACTORY,GRAVESEND,294
SANTA CATALINA,CÁDIZ,292
ST HELENA,DOWNS,291
DOWNS,JAVA,290
SPITSBERGEN,SCHIEDAM,290
ST HELENA,TABLE BAY,289
TABLE BAY,PORTSMOUTH,288
TEXEL,RIO DE JANEIRO,285
PANAROEKAN,BROUWERSHAVEN,279
GOLF VAN GUINEE,THE NETHERLANDS,275
SISIRÁN,SAN BLAS (NUEVA ESPAÑA),275
HOLLAND,BATAVIA,273
ST GEORGE D'ELMINA,BATAVIA,272
ROTTERDAM,GUINEA,270
UK,BOMBAY,268
EL CALLAO,CADIZ,267
TABLE BAY,ST HELENA,263
CÁDIZ,SANTA CATALINA (BRASIL),263
PLYMOUTH,ST HELENA,262
BANJOEWANGIE,TEXEL,256
SOERABAIJA,ROTTERDAM,256
SOERABAYA,ROTTERDAM,255
BENGAL,DOWNS,255
GRAVESEND,JAVA,255
ROCHEFORT,MARTINIQUE,252
POINT DE GALLE,DOWNS,251
BOMBAY,ST HELENA,250
SPITHEAD,FORT ST DAVID,250
MIDDELBURG,WEST AFRIKA,247
SURINAME,VLISSINGEN,245
CÁDIZ,CÁDIZ?,243
BANJOEWANGI,NIEUWEDIEP,243
BOMBAY,TABLE BAY,241
BARCELONA,CARTAGENA,241
MONTEVIDEO,SANTA CATALINA,241
CÁDIZ,MANILA,240
BUENOS AIRES,BUENOS AIRES,240
TJILATJAP,NEDERLAND,238
MADRAS,UK,236
JAVA,TEXEL,233
PORTSMOUTH,BOMBAY,231
LIVERPOOL,MELBOURNE,227
MARTINIQUE,BREST,227
DOWNS UK,BENGAL,225
NEDERLAND,PADANG,225
TABLE BAY,UK,224
ST EUSTATIUS,TEXEL,224
JAVA HEAD,PORTSMOUTH,223
PORTSMOUTH,PRINCE OF WALES ISLAND,222
JAVA,ROTTERDAM,221
JAVA HEAD,LONG REACH,221
GRAVESEND,BOMBAY,220
TEXEL,KASSERAIJEN,220
ROTTERDAM,SURINAME,219
MIDDELBURG,GULF OF GUINEA,218
TABLE BAY,DOWNS,214
ROTTERDAM,SURINAME VIA WEST AFRIKA,213
GRAVESEND,MADRAS,212
MIDDELBURG,BATAVIA,211
BENKULEN,ST HELENA,209
PLYMOUTH,MADEIRA,209
AMSTERDAM,SPITSBERGEN,209
BALI,ST HELENA,208
CURACAO,PARAMARIBO,208
JAVA HEAD,GRAVESEND,206
MADEIRA,MADRAS,206
JAVA HEAD,BLACKWALL,205
GOTHENBURG,MACAO,205
BATAVIA,HOLLAND,205
NIEUWEDIEP,SURINAME,205
LIVERPOOL,BATAVIA,205
KAAP DE GOEDE HOOP,VLISSINGEN,203
PARAMARIBO,VLISSINGEN,203
BAHÍA DE CÁDIZ,BAHÍA DE CÁDIZ,203
ELMINA,PARAMARIBO,203
MIDDELBURG,COLOMBO,201
CARTAGENA,STA. CATHALINA (BRASIL),201
SANTA CATALINA,MONTEVIDEO,200
SURINAME,NIEUWEDIEP,200
CÁDIZ,CALLAO DE LIMA,199
MADRAS,TABLE BAY,196
FALMOUTH,JAVA,195
ST THOMAS,BARBADOS,194
NEDERLAND,GULF OF GUINEA,194
BATAVIA,VLISSINGEN,193
CÁDIZ,MAR PACÍFICO,193
AKIJAB,NIEUWEDIEP,191
RAMEKENS,GUINEA,190
GRAVESEND,MOOSE,190
CORK,PENANG VIA FUNCHAL AND TABLE BAY,189
JAVA HEAD,DOWNS VIA ST HELENA,188
ROCHEFORT,QUÉBEC,187
BREST,ST DOMINGUE,187
ROCHEFORT,LOUISBOURG,187
VERACRUZ,LA HABANA,186
DOWNS UK,BENKULEU VIA ST HELENA,185
SURINAME,CURACAO,185
VLISSINGEN,KAAP DE GOEDE HOOP,184
MARTINIQUE,ROCHEFORT,184
CÁDIZ,ESTRECHO DE MAGALLANES,183
COASTAL EAST INDIA,COASTAL EAST INDIA,183
MIDDELBURG,KUST VAN GUINEA EN SURINAME,183
TEXEL,PADANG,182
"DIAMOND HARBOUR, BENGAL",DOWNS,181
SIMONSBAAI,MOUNTSBAAI,181
MIDDELBURG,KAAP DE GOEDE HOOP,181
PORTSMOUTH,WHAMPOE,180
MADRAS,ST HELENA,180
BATAVIA,MIDDELBURG,179
PORTSMOUTH,CANTON VIA AUSTRALIA,178
PARAMARIBO,MIDDELBURG,177
CALCUTTA,BATAVIA,177
PLYMOUTH,ANJENGO,176
ST GEORGE D'ELMINA,SURINAME,176
PADANG,TEXEL,175
MIDDELBURG,GUINEA,175
KAAPSTAD,BATAVIA,174
GRAVESEND UK,BOMBAY,173
MACAO,GOTHENBURG,173
LISBON,SPITHEAD,172
HELLEVOETSLUIS,ST EUSTACIUS,171
SPITHEAD,SIMONS BAY,171
CADIZ,LA HABANA,170
JAVA HEAD,FALMOUTH,170
ST HELENA,MADRAS,170
DOWNS,BATAVIA (VIA ST HELENA),170
MADRAS,MOTHERBANK,169
MOTHERBANK,BENGAL,168
PLYMOUTH,BOSTON,168
MOTHERBANK,BOMBAY VIA JOHANNA,168
"ACHEAN HEAD, SUMATRA",MOTHERBANK,168
DORDRECHT,SPITSBERGEN,168
CAP,BREST,167
RAMMEKENS,KAAP DE GOEDE HOOP,167
GULF OF GUINEA,MIDDELBURG,166
CÁDIZ,DOMINIOS DE AMÉRICA,166
CADIX,ST GEORGE D'ELMINA,166
CALCUTTA,LONDON,165
DOWNS,CHRISTMAS ISLAND,165
SPITHEAD,ALL SAINTS BAY,165
DOWNS,SUMBAVA (E BALI),165
ROTTERDAM,SPITSBERGEN,164
SAUGER ROADS,DOWNS,164
INGERLEE,SPITHEAD,164
CANTON,GOTHENBURG,164
PORTSMOUTH,BATAVIA,163
BENGAL,DOWNS VIA ST HELENA,162
SPITHEAD,JAMAICA,161
HALIFAX,BARBADOS,161
MADRAS,SIMONS BAY,161
BREST,LOUISBOURG,159
STA. CATHALINA (BRASIL),CÁDIZ,159
GOTHENBURG,CANTON,158
ST HELENA,PLYMOUTH,158
BENGAL,RAMMEKENS,158
RAMMEKENS,COLOMBO,158
CASSERIJEN,TEXEL,157
ROTTERDAM,COLOMBO,157
PARAMARIBO,CURACAO,156
MONTEVIDEO,LA HABANA,156
BENGAL,WOOLWICH,156
LOUISBOURG,ROCHEFORT,155
BANJOEMANGIE,NIEUWEDIEP,155
JAVA HEAD,LONDON,153
MADEIRA,RIO DE JANEIRO,153
PORTSMOUTH,ST HELENA,153
ANJENGO,PORTSMOUTH,152
FALMOUTH,TABLE BAY,152
PLYMOUTH,TABLE BAY,152
NEDERLAND,ST GEORGE D'ELMINA,151
PENANG,DOWNS VIA ST HELENA,151
TABLE BAY,LISBON,151
RAMMEKENS,COLUMBO,151
HELLEVOETSLUIS,PORT JACKSON,150
CURAÇAO,SURINAME,150
KAAP DE GOEDE HOOP,HELLEVOETSLUIS,150
WIJNKOPERS BAAI,NIEUWEDIEP,148
HELLEVOETSLUIS,PARIMARIBO,147
PORTSMOUTH,MADRAS VIA JOHANNA,147
ST DOMINGUE,BREST,147
COX'S ISLAND (BENGAL),DOWNS,147
CURACAO,ROTTERDAM,147
JAVA,UK,146
HELLEVOETSLUIS,SIMONSBAAI,146
TEXEL,CURACAO,146
PARAMARIBO,THE NETHERLANDS,146
TABLE BAY,MAURITIUS,146
 ROCHEFORT,BAIE DE CHIBOUCTOU-ROCHEFORT,146
CALLAO,CADIZ,145
CARTAGENA,CÁDIZ,145
DOWNS,ST HELENA,144
CALCUTTA,SPITHEAD,144
BATAVIA,CADIZ,144
BATAVIA,IERLAND,144
SOERABAYA,LISSABON,143
COASTAL,CARIBEAN,143
HALIFAX,BERMUDA,143
PORTO PRAYA,"PORT EGMONT, FALKLAND ISLANDS",143
FERDINANDO LORONHO,UK,143
MADRAS,DOWNS,143
MADRAS,BOMBAY,143
CURACAO,ST EUSTATIUS,142
MIDDELBURG,GUINEE,142
PORTLAND,BARBADOS,142
KEDGEREE,ST HELENA,142
PLYMOUTH,RIO DE JANEIRO,142
AMSTERDAM,CURACAO,141
CADIZ,EL CALLAO,141
QUILON,DOWNS,141
CÁDIZ,STA CATALINA Y MONTEVIDEO,141
TEXEL,JAVA,140
CÁDIZ,AMÉRICA MERIDIONAL,140
CÁDIZ,PUERTO RICO,140
AMSTERDAM,SURINAME,140
NIEUWEDIEP,AKIJAB,139
PORTSMOUTH,PENANG VIA ST HELENA,139
CEYLON,TEXEL,138
BATAVIA,SIMONSBAAI,138
AXIM,PARAMARIBO,138
DOWNS,"BENKULEN, SUMATRA",138
PLYMOUTH,CALCUTTA,138
SPITHEAD,TRINCOMALE,137
SPITHEAD,MACCAO,137
BANGOEWANGIE,NIEUWEDIEP,136
NEDERLAND,GUINEA,136
CADIZ,EL CALLAO - LIMA,136
BATAVIA,NIEUW DIEP,135
LIMA,CÁDIZ,135
FALMOUTH,"MALDONADO, RIVER PLATE",135
DOWNS,BENGAL,135
PADANG,NEDERLAND,134
TIMOR,DOWNS,134
SCHIEDAM,BATAVIA,134
BOMBAY,BEACHY HEAD,134
ST JOHNS,LISBON,134
ST HELENA,DOWNS UK,134
SAN SEBASTIAN,BATAVIA,133
SPITHEAD,FORT ST GEORGE,133
PORTSMOUTH,BENKULEU,133
SPITHEAD,GIBRALTAR,133
CÁDIZ,PUERTO RESERVADO,133
STRAAT BALI,NEDERLAND,133
PENANG,DOWNS,132
JAVA HEAD,BRISTOL CHANNEL,132
HET NIEUWE DIEP,BATAVIA,132
JAVA,SPITHEAD,132
CANTON,TEXEL,132
SURINAME,HELLEVOETSLUIS,132
BRAMSPUNT,MIDDELBURG,131
PLYMOUTH,PENANG (VIA FUNCHAL),131
SURINAME,ROTTERDAM,131
HARTLEPOOL,CHINA,131
RIO DE JANEIRO,ANTWERPEN,131
MADAS,DOWNS,131
HARTLEPOOL,BATAVIA,131
BOMBAY,DOWNS,130
LOMBOCK,PORTSMOUTH,130
MIDDELBURG,CABO DE GOEDE HOOP,130
EL CALLAO DE LIMA,BAHÍA DE CÁDIZ,130
BATAVIA,FALMOUTH,130
MIDDELBURG,RIO BERBICE,129
GUADELOUPE,BREST,129
MOTHERWELL,MADRAS,129
CURACAO,NIEUWEDIEP,129
"PORTSMOUTH, VIA ST HELENA",BENKULEU,129
DOVER,MADRAS,129
BRISTOL,CEIJLON,129
CURACAO,ST EUSTACIUS,128
OOST INDIE,NEDERLAND,128
MANILA,EL CALLAO,128
SPITHEAD,PENANG VIA SIMONS BAY,128
LIMA,ESPAÑA (CÁDIZ?),128
NEDERLAND,OOST INDIE,128
BALI (JAVA),UK,127
DUNGENESS,BOMBAY,127
PADANG,HELLEVOETSLUIS,127
PORTSMOUTH,BENGAL VIA MADERIA,127
CADIZ,MANILA,127
PORT LOUIS,HELLEVOETSLUIS,127
NEW CASTLE,SINGAPORE (VIA ANGER),126
HUDSON BAY MOOSE,GRAVESEND,126
JAVA HEAD VIA ST HELENA,DOWNS UK,126
MONTEVIDEO,SANTA CATALINA Y DE ALLÍ A ESPAÑA,126
CAPE COAST,BARBADOS,126
BENGAL,SPITHEAD,125
PORT EGMONT,SANDWICH ISLANDS,125
BANGOEWANGIE,AMSTERDAM,125
JAMAICA,DOWNS,125
SOERABAJA,ROTTERDAM,125
HALIFAX,ANTIGUA,125
BALI,ROTTERDAM,125
BANJOUWANGIE,AMSTERDAM,124
JAVA,NIEUWEDIEP,124
DORDRECHT,"SPITSBERGEN, EDINBURGH",124
CADIZ,SPITHEAD,124
MADEIRA,BOMBAY HARBOUR,124
AMSTERDAM,BATAVIA-SOERABAYA,124
SAUGOR  ROADS,DOWNS,124
RIO DE JANEIRO,VLISSINGEN,124
UK,SAUGOR ROADS,123
FALMOUTH,MADRAS,123
SPITHEAD,MALDONADO,123
NEDERLAND,PARAMARIBO,123
PENANG,LONG REACH,123
PLYMOUTH,HALIFAX,123
HONG KONG,ROTTERDAM,122
ST. THOMEE,MIDDELBURG,122
CURACAO,MIDDELBURG,122
HELLEVOETSLUIS,ST EUSTATIUS,122
BATAVIA,SCHIEDAM,122
BATAVIA,DORDRECHT,122
SAUGOR ROADS,SPITHEAD,122
MADRAS,PLYMOUTH VIA ST HELENA,122
MACAO,ST HELENA,121
NIEUWE DIEP,JAVA,121
BANJOEWANGIE,HOLLAND,121
WEST-INDIE,TEXEL,120
BANGOWANGIE,BROUWERSHAVEN,120
DOWNS,COLOMBO,120
EL FERROL,MONTEVIDEO,120
JAVA HEAD,SPITHEAD,120
CADIZ,ESTRECHO DE MAGELLANES,120
SPITHEAD,BOMBAY,120
SOERABAYA,NIEUWEDIEP,120
KAAP DE GOEDE HOOP,NOORWEGEN,120
BATAVIA,PLYMOUTH,120
JAVA HEAD,DEPTFORD,120
"ST MARIE, ISLE DE RHEE",KAAPSTAD,119
DOWNS,MALACCA,119
PATJITAN,MIDDELBURG,119
PORT ROYAL JAMAICA,PLYMOUTH,119
ANJENGO,ST HELENA,119
DOWNS UK,SUNDU STRAIT VIA ST HELENA,118
TEXEL,PARIMARIBO,118
DESCONOCIDO (CREO QUE ACAPULCO),SAN BLAS,118
JAVA,BROUWERSHAVEN,118
SPITHEAD,PORT ROYAL,118
PUNTO GALE,NEDERLAND,118
HELLEVOETSLUIS,KAAP DE GOEDE HOOP,118
DOWNS UK,PENANG,117
NEDERLAND,ELMINA,117
KAAP LAHOE,MIDDELBURG,117
DOWNS,CALCUTTA,117
MIDDELBURG,AFRIKA,117
LONDON,PORT JACKSON,117
SPITHEAD,MOCHA,116
TEXEL,WEST-INDIE,116
"PORT ROYAL, JAMAICA",SPITHEAD,116
RIO DE JANEIRO,"DIAMOND HARBOUR, BENGAL",116
RIO DE JANEIRO,"COLOMBO, CEYLON",116
AVATSCHA,NOUVELLE HOLLANDE,116
SANTA CRUZ,TAFELBAAI,116
UK,JAVA (XMAS ISLAND),115
"HAMPTON ROAD, VIRGINIA",MADRAS,115
ROTERDAM,BATAVIA,115
BANJOEWANGIE,BROUWERSHAVEN,115
COWES ROAD,BOMBAY,115
TJILATJAP,ROTTERDAM,115
TOULON,ALMERIE AUX L'ILLE DE TERRE NEUVE ET RETOUR A BRES,115
CHARILLO,SOERABAYA,115
GALLE,ROTTERDAM,115
HELLEVOETSLUIS,CURACAO,114
JAVA,VLISSINGEN,114
DOWNS,SUNDA STRAIGHT,114
FALMOUTH,BENGAL,114
DOWNS,PENANG VIA ST HELENA,114
BATAVIA,NIEUWENDIEP,113
SPITHEAD,SUMBA (OFF JAVA),113
NIEUWEDIEP,SAMARANG,113
CHILATJAP,NEDERLAND,113
ST HELENA,BENKULEN,113
SPITHEAD,SUMATRA,113
GRAVESEND,BENGAL,112
MELBOURNE,BATAVIA,112
NEW PORT,VALPARAISO,112
ANJENGO,DOWNS,112
MADEIRA,BARBADOS,112
CÁDIZ,ISLA SANTA CATALINA (BRASIL),112
UK,BENKULEN,112
FERROL,BREST,112
DOWNS,SAUGOR ROADS,112
MONTEVIDEO,VALPARAISO,111
COLOMBO,BATAVIA,111
HELLEVOETSLUIS,KAAPSTAD,111
SIMON'S BAY,ST CATHARINE'S (SOUTH AMERICA),111
PORTLAND,MOCHA,111
DOWNS,CAPE OF GOOD HOPE,111
SPITSBERGEN,ROTTERDAM,110
EPPEE,NEDERLAND,110
SPITHEAD,NEWFOUNDLAND,110
TORBAY,"BOMBAY, VIA FALSE BAY",110
TRINCOMALEE,SPITHEAD,110
ANJANGO,UK,109
DEPTFORD,MADRAS,109
ST HELENA,HELLEVOETSLUIS,109
SURINAME,AMSTERDAM,109
GRAVESEND,CAPE OF GOOD HOPE,109
LONDON,CALCUTTA,109
PRINCE OF WALES ISLAND (PENANG),GRAVESEND,109
PORTSMOUTH,ANJER ROAD JAVA,109
BANJOUWANGIE,NIEUWEDIEP,109
TABLE BAY,RIVER PLATE,108
TEXEL,ST. EUSTATIUS,108
SPITHEAD,BOSTON,108
FRANKRIJK,NEDERLANDS INDIË,108
DUNNOSE,BOMBAY,108
HELLEVOETSLUIS,DEMERARY,108
TJILATJAP,HELLEVOETSLUIS,108
HALIFAX,SPITHEAD,108
WEST AFRIKA,MIDDELBURG,108
DEN HELDER,BATAVIA,108
TRINCOMALEE,LISBON,107
NIEUWENDIEP,BATAVIA,107
TAFELBAAI,CORK,107
DOWNS,JAVA HEAD,107
SPITHEAD,CARLISE BAY,107
CRAKATOA,DOWNS,107
LONDON,ADELAIDE,107
SAN BLAS,SAN LORENZO DE NUCA,107
ROCHEFORT,LOUISBOURG ET RETOUR A ROCHEFORT,106
SANTA CATHALINA,CÁDIZ,106
CÁDIZ,ISLA DE SANTA CATALINA (SANTA CATARINA-BRASIL?),106
CALLAO,DAVILICAN BAAI,106
SANTA CATALINA (BRASIL),CÁDIZ,106
PLYMOUTH,ST AUGUSTINES,106
TORBAY,PORT JACKSON,106
WHAMPOA,BLACKWALL,105
DOWNS,BENKULEU,105
TEXEL,KAAP DE GOEDE HOOP VIA O. INDIE,105
ST HELENA,TEXEL,105
RAMMEKENS,SIMONSBAAI,105
NIEUWE DIEP,BATAVIA,105
CAPE PALLISSER NEW ZEALAND,EASTER ISLAND,105
MANGALORE,RIVER SHANNON,105
CORK,TRINCOMALEE VIA FUNCHAL,104
VLISSINGEN,SURINAME,104
THE NETHERLANDS,GOLF VAN GUINEE,104
MONTAGUE ISLE,SANDWICH ISLANDS,104
VLISSINGEN,GUINEA,104
SPITHEAD,FERNANDO NORONHA,103
ROTTERDAM,MELBOURNE,103
BARBADOS,UK,102
TERNEUZEN,BATAVIA,102
LE HAVRE,NEW YORK,102
TEXEL,PARAMARIBO,102
BREST,FORT ROYAL,102
BATAVIA,UK,102
BATAVIA,PARAMARIBO,102
SCHIEDAM,OOST INDIE,102
BATAVIA,CAPE OF GOOD HOPE,101
WEST INDIES,COASTAL,101
SURINAME,TEXEL,101
LIMA (PISCO),CORK,101
WILLEMSOORD,BATAVIA,101
CÁDIZ,"CÁDIZ, LLEGANDO ANTES HASTA LAS AZORES",101
ESTRECHO DE MAGALLANES,CADIZ,101
CÁDIZ,SANTA CATALINA,100
CÁDIZ,ISLA SANTA CATALINA,100
AMSTERDAM,ST GEORGE D'ELMINAR,100
NIEUWEDIEP,JAVA,100
DOWNS,CHINA,100
LONDEN,HOBARTTOWN,100
MONTEREY,LA CÔTE DE CHINE,100
CALCUTTA,TABLE BAY,100
CÁDIZ,SANTA CATHALINA,99
CANTON,DEPTFORD,99
CÁDIZ,I. SANTA CATALINA,99
CAP,ROCHEFORT,99
LIVERPOOL,PORT PHILIP,99
BATAVIA,DEN HELDER,99
MONTEVIDEO,ESPAÑA (CÁDIZ?),99
ESTRECHO DE MAGELLANES,CADIZ,99
NOUVELLE CALLEDONIË,WAYGIOU,99
BOMBAY,PLYMOUTH,99
VLISSINGEN,CURACAO,99
NIEUWEDIEP,PADANG,98
KEDGEREE,NORTHFLEET,98
KAAP DE GOEDE HOOP,AMSTERDAM,98
PORT JACKSON AUSTRALIA,CAPE OF GOOD HOPE,98
ST KITTS,SPITHEAD,98
FALMOUTH,ST AUGUSTINES,98
ESTRECHO DE SAN BERNARDINO,ACAPULCO,98
SUNDA STRAIT,DOWNS,98
JAVA,WILLEMSOORD,97
CURAÇAO,VLISSINGEN,97
MADEIRA,ZANZIBAR,97
MADRAS,WAMPOE,97
LONDON,MELBOURNE,97
ST CATHERINE,TALCAGUANA,97
ISLA DEL PRINCIPE,CADIZ,96
HELLEVOETSLUIS,TAFELBAAI,96
ISLE D'AIX,LOUISBOURG,96
TEXEL,VALSBAAI,96
KAAP DE GOEDE HOOP,TEXEL,96
WESTEREILANDEN,NEDERLAND,96
SPITHEAD,ANTIGUA,95
VLISSINGEN,CABO DE GOEDE HOOP,95
PENANG,ST HELENA,95
SAO TOME,VLISSINGEN,95
GRAVESEND,HUDSON BAY MOOSE,95
PORTHMOUTH,BATAVIA,95
"BARNPOOL, PLYMOUTH",MADRAS,95
BUENOS AIRES,LA CORUÑA,94
LONDON,PORT DESIRE,94
SAN THOMÉ,VLISSINGEN,94
FUNCHAL ROAD,"AUGUSTINE BAY, MADAGASCAR",94
CORK,CABENDAR ROAD,94
MIDDELBURG,ELMINA,94
SPITHEAD,MARTINICO,94
HELLEVOETSLUIS,GUIANA,93
BOMBAY,SIMONS BAY,93
MALAYSIA,ST HELENA,93
ANJENGO,UK,93
LONDON,BATAVIA,93
PORTUGAL,SOERABAIJA,93
ST EUSTACIUS,SURINAME,93
BOMBAY,MADRAS,93
EUROPA,CAP DE BONNE-ESPÉRANCE,93
CADIZ,ESTRECHO DE MAGALLANES,93
MOOSE,GRAVESEND,93
FALMOUTH,BARBADOS,93
PORT EGMONT,SPITHEAD,92
NEDERLAND,RIO DE JANEIRO,92
SPITHEAD,JOHANNA,92
OOST INDIE,SCHIEDAM,92
ANTWERPEN,RIO DE JANEIRO,92
RAMMEKENS,WEST AFRICA,91
ST EUSTATIUS,MIDDELBURG,91
SOERABAJA,NEDERLAND,91
SPITHEAD,CRUISING WESTERN APPROACHES,91
PORTSMOUTH,DIXCOVE,91
NEDERLAND,MONTEVIDEO,91
SPITHEAD,TRINCOMALEE,90
KAAP DE GOEDE HOOP,EUROPA,90
ST JOHNS,SPITHEAD,90
SIMONSBAAI,MEEUWEBAAI,90
DIXCOVE,BARBADOS,90
BENKULEN,DEPTFORD,90
SIMON'S BAY,BOMBAY,90
BATAVIA,NAGASAKI,90
PLYMOUTH,BOMBAY,90
MANILA,COASTAL,90
MASAFUERA,ISLE TINIAN,90
CAPE ST NICHOLAS,BERMUDA,89
SAMARANG,TEXEL,89
MONTEVIDEO,SPITHEAD,89
MADEIRA,MADAGASGAR,89
EL CALLAO,RIO DE JANEIRO,89
GUJANA,HOLLAND,89
WAMPOE,NEW GUINEA,89
ST JAGO (SAO TIAGO),ST. AUGUSTINE MADAGASCAR,89
ZANTEME,NEDERLAND,88
HELLEVOETSLUIS,PHILADELPHIA,88
BARBADOS,SPITHEAD,88
PLYMOUTH,NEWFOUNDLAND,88
ST BLAS,RIO DE JANEIRO,88
DORDRECHT,BATAVIA,88
TABLE BAY,SIMONS BAY,88
ROTTERDAM,PARIMARIBO,88
PORT JACKSON AUSTRALIA,ST HELENA,88
BENGALL,DEPTFORD,88
CADIZ,ISLA SANTA CATALINA (BRASIL),88
STA. CATHALINA,MONTEVIDEO Y VUELTA,87
CUBA,CÁDIZ,87
GIBRALTAR,SPITHEAD,87
CÁDIZ,LA HABANA,87
ST JAGO,ST HELENA,87
SIMONS BAY,MADAGASCAR,87
PUERTO DE PAITA,PUERTO DE MACAO,87
PLYMOUTH,JAMAICA,87
RIO DE JANEIRO,PORT JACKSON AUSTRALIA,87
NEAR EQUATOR,MADRAS,87
CADIZ,CONCEPCION DE CHILE,86
FUNCHAL ROAD,ST HELENA,86
BENGAL,DOWNS UK,86
CÁDIZ,MONTEVIDEO Y RÍO DE LA PLATA,86
AMSTERDAM,SOURABAYA,86
PORT ROYAL,SPITHEAD,86
PONDICHERRY,RODRIQUEZ,86
LISBON,PLYMOUTH,86
TELLICHERRY,ST HELENA,85
NEDERLAND,SIMONSBAAI,85
L'ISLE D'AIX,LOUISBOURG ET RETOUR A L'ISLE D'AIX,85
CURACAO,THE NETHERLANDS,85
CHARLESTON,PLYMOUTH,85
CÁDIZ,PACÍFICO,85
TEXEL,SAN SEBASTIAN,85
HAMPTON ROAD,HALIFAX,85
KAAPSTAD,BERGEN,85
PLYMOUTH,HALIFAX (CHABUKTA HARBOUR),84
MOTHERBANK,ST HELENA,84
SIMONS BAY,DOWNS UK VIA ST HELENA,84
MADEIRA,SIMON'S BAY,84
PLYMOUTH,MAURITIUS,84
DOWNS UK,JAVA HEAD,84
TENERIFFE,NAGAPATAN,84
ACHEEN (SUMATRA),ST HELENA,84
CARDIFF,FORT ST FRANCISCO,84
PARIMARIBO,CURACAO,84
CURACAO,SURINAME,84
COSTA PATAGÓNICA,CÁDIZ,83
SIMONS BAY,DOWNS,83
RIO BERBICE,MIDDELBURG,83
"AUGUSTINE BAY, MADAGASCAR",CALICUT,83
MALACCA,ST HELENA,83
ENGLAND,BOMBAY,83
ILE D'AIX,LOUISBOURG ET RTOUR A ROCHEFORT,83
HELLEVOETSLUIS,BUENOS AIRES,83
ESTRECHO DE MAGALLANES,CÁDIZ,83
SURINAME,LISSABON,82
ST EUSTATIUS,CURACAO,82
ANNA DE CHACES,SPITHEAD,81
CURAÇAO,NEDERLAND,81
AMSTERDAM,KAAPSTAD,81
FALMOUTH,DEMERARA,81
TENERIFFE,"ST AUGUSTINS BAY, MADAGASCAR",81
SIMONS BAY,BOMBAY,81
SIMONSBAAI,PUNTO GALLE,81
BATAVIA,BAIJ VAN DILAGOA,81
CORK,CHARLESTOWN,81
ROTTERDAM,NEW YORK,80
TABLE BAY,LONDON,80
RIO DE JANEIRO,RIO DE LA PLATA,80
BATAVIA,SAN FRANCISCO,80
VLISSINGEN,TAFELBAAI,80
GULF OF GUINEA,NEDERLAND,80
NEDERLAND,KAAP DE GOEDE HOOP,80
CARLISLE BAY FALKLAND ISLANDS,PLYMOUTH,80
MONTEVIDEO,BAHÍA DE CÁDIZ,80
SPITHEAD,ST JOHNS,79
BREST,CAP,79
AFRIKA,MIDDELBURG,79
BATAVIA,ST. HELENA,79
SIMONSBAAI,HELLEVOETSLUIS,78
HONFLEUR,"GRAND BANC, TERRE NEUVE ET RETOUR A HONFLEUR",78
UK,JOANNA,78
ST GEORGE D'ELMINA,NIEUWE DIEP,78
SURINAME,BERGEN (NORWAY),78
"ACHEEN HEAD, SUMATRA",ST HELENA,78
CAYENNE,BERGEN (NORWAY),78
SURINAME,BERGEN,78
TORBAY,HAMPTON ROAD,78
LISSABON,BAAI FALS,78
MOCA MOCA SUMATRA,ST HELENA,77
CÁDIZ,PACÍFICO(MAR DEL SUR),77
NIEUWEDIEP,EL MINA,77
SPITHEAD,ST JOHN'S NEWFOUNDLAND,77
PORTSMOUTH,CAPE HENRY,77
BERMUDA,SPITHEAD,77
CAPE VERDE (DAKAR),SIMONS BAY,77
TIERRA DEL FUEGO,TAHITI,77
SIMONS BAY,MADRAS,77
"ST THOMAS, GULF OF GUINEA",SPITHEAD,77
MONTEVIDEO,CALLAO (LIMA),76
MADRAS,"MAURITIUS, BATAVIA",76
TABLE BAY TOWARDS MADAGASCAR,TABLE BAY,76
CALCUTA,CÁDIZ,76
PORT LOUIS,TABLE BAY,76
NIEUWEDIEP,SAN SALVADOR,76
ST AUGUSTINES,FORT ST GEORGES,76
CAPE OF GOOD HOPE,PORT JACKSON AUSTRALIA,76
RIO DE JANEIRO,PORT JACKSON,76
MONTEVIDEO,LA CONCEPCIÓN DE CHILE,76
TEXEL,BAAIJ FALSO,76
CAAP DE GOEDE HOOP,TEXEL,76
BEACHY HEAD,CANTON,76
ASCENSION,SPITHEAD,76
UNKNOWN,CADIZ,75
ST JOHNS,ST JOHNS (CRUISING),75
KAAP DE GOEDE HOOP,NEDERLAND,75
TRINCOMALEE,TABLE BAY,75
PORT ROYAL,LEITH,75
DIEGO RAYS (RODRIQUES),UK,75
CAVITÉ,TERNAL,75
ST MARTINS,PLYMOUTH,75
TEXEL,ST EUSTATIUS,75
CHILOÉ,ISLA DE PASCUA Y EL CALLAO,75
MIDDELBURG,ANGOLA,75
MIDDELBURG,KAAP MONTE,75
ST. HELENA,BOMBAY,75
TAFELBAAI,TEXEL,75
CADIZ,CAVITE,75
EL FERROL,RIO DE LA PLATA,75
ST GEORGE D'ELMINA,FORT AMSTERDAM,75
MANILLA,BATAVIA,74
QUILOA EAST AFRICA,TABLE BAY,74
TABLE BAY,DOWNS UK,74
PUERTO DE MONTEVIDEO,CÁDIZ,74
PRINCES,BARBADOS,74
LOMBOCK (NR BALI),ST HELENA,74
ST THOMAS (SAO TOME),PLYMOUTH,74
NEW YORK,BUENOS AIRES,74
SPITHEAD,HAMOZE UK,74
BASSE TERRE,BREST,74
PORTSMOUTH,ST. HELENA,74
CAPE OF GOOD HOPE,SPITHEAD,74
ACCRAW,UK,74
LA CORUÑA,PUERTO DE BRESTE,74
BASSE TERRE,SPITHEAD,74
HELLEVOETSLUIS,BAAI FALSO,73
BERMUDA,BERMUDA,73
ST JAGO,MADAGASCAR,73
HALIFAX,PLYMOUTH,73
FORT ST DAVIDS ROAD,ST HELLENA,73
PLYMOUTH,ANNABONA,73
TABLE BAY,NORE,73
CAPE,CORK,73
RIO DEMMERARY,HELLEVOETSLUIS,73
BAHIA DE TODOS LOS SANTOS,BATAVIA,73
MADEIRA,ANTIGUA,72
SAJOR ROAD,ST HELENA,72
BATAVIA,EUROPA,72
BREST,LA MARTINIQUE,72
SPITHEAD,HAMPTON ROAD VIRGINIA,72
WEST AFRIKA,BATAVIA,72
SWANSEA,TAFELBAAI,72
EQUATOR,MADRAS,72
MARSEILLES,CAPETOWN,72
NIEUWEDIEP,KAAP DE GOEDE HOOP,72
PLYMOUTH,TENERIFFE,72
KUST VAN GUINEA,PAMPUS,72
SPITHEAD,"ST. AUGUSTINE, MADAGASCAR",71
LA HABANA,MÁLAGA,71
CAPE COMERIN,ST HELENA,71
"PORT EGMONT, FALKLAND ISLANDS",DEPTFORD,71
CAPE GOOD HOPE,DOWNS,71
PORTSMOUTH,RIO DE JANEIRO,71
ST SALVADOR,BATAVIA,71
ST THOMAS,UK,71
EL MINA,PARAMARIBO,71
ROCHEFORT,MEDITERRANEAN,71
CUMBAVA,CAPE OF GOOD HOPE,71
WEST AFRIKA,RAMMEKENS,71
CÁDIZ,RÍO DE JANEIRO (BRASIL),71
SAN FRANCISCO,VALPARAISO,71
CADIZ,HELLEVOETSLUIS,71
ROCHEFORT,CAP,71
CEYLON,KAAP DE GOEDE HOOP,71
CADIZ,RIO DE JANEIRO,70
CALCUTA.,CÁDIZ,70
MOHILLA ISLAND,BOMBAY,70
RAMMEKENS,WEST-AFRIKA,70
CALCUTTA,JAVA,70
BREST,TERRE NEUVE,70
ST MAARTEN,MIDDELBURG,70
GUINNEE (KAAP AXIM),SURINAME,70
ACCRAH,SOUTHSEA,70
ST HELENS ROAD UK,SPITHEAD,70
NOAHIWA,AMBON,70
L'ILE D'AIX,LOUISBOURG ET RETOUR A ROCHEFORT,70
RAMMEKENS,KUST VAN AFRIKA,70
RIO DE JANEIRO,CURACAO,70
RIO DE JANEIRO,MANILA,70
NAGASAKI,BATAVIA,70
TRINCOMALE,BOMBAY,70
SURINAME,DRONTHEM,69
SAN FRANCISCO,KEMA,69
FERROL,RIO DE JANEIRO,69
TEXEL,LISSABON,69
QUÉBEC,ROCHEFORT,69
FORT WILLIAM,MALACCA TOWN,69
HAVANA,SPITHEAD,69
ANNABONA,UK,69
MARTINIQUE,PLYMOUTH,69
PORTE PRAIJO,SCHAPENEILAND,69
ST JAGO,PORT EGMONT,69
SURINAME,RAMMEKENS,69
LAGOS BAY,GIBRALTAR VIA ANTIGUA,69
BENCOOLEN,CAPE OF GOOD HOPE,69
VERACRUZ,CÁDIZ,69
BATAVIA,COLOMBO,68
LAGOS BAY,GIBRALTOR VIA ANTIGUA,68
NEW ZEALAND,TAHITI,68
NEW YORK,THE NETHERLANDS,68
ST HELENA,NIEUWEDIEP,68
LONDON,SYDNEY,68
DUINS,KAAP DE GOEDE HOOP,68
ST EUSTATIUS,PARAMARIBO,68
MANZANILLA DE CUBA,DARTMOUTH,68
RIO DE JANEIRO,JOHANNA,68
HAVANA (CUBA),SPITHEAD,68
TENERIFFE,ST CATHERINE,68
FAYAL,HALIFAX,68
MAURITIUS,SPITHEAD,67
TABLE BAY,CALICUT,67
DOMINIQUE,BREST,67
BREST,HAMPTON,67
ALGOA BAAI,NEDERLAND,67
MARAÑÓN,BARCELONA,67
MADRAS,PORT LOUIS,67
TORBAY,ST HELENA,67
CAP DE BONNE-ESPÉRANCE,HOBART,67
WHITBY BAY UK,VOGLE SOUND,67
SPITHEAD,LOUISBOURG,67
PLYMOUTH,MALAGA,67
ROCHEFORT,FORT ROYAL,66
MADRAS,MADAGASCAR,66
MEDEMBLIK,NEW YORK,66
ST EUSTACIUS,HELLEVOETSLUIS,66
ST. NAZAIRE,ST DOMINGUE,66
ROTTERDAM,ST EUSTACIUS,66
CADIZ,MELILLA,66
CÁDIZ,CABO BUENA ESPERANZA,66
PORTSMOUTH,SIMONSBAAI,66
SPITHEAD,SPITHEAD (VIA FYAL),66
PLYMOUTH,NEW YORK,66
CROOKED ISLAND (BAHAMAS),SPITHEAD,66
MONTEVIDEO Y VUELTA,SANTA CATALINA(BRASIL),65
ROCHEFORT,QUEBEC,65
BUENOS AIRES,ANTWERPEN,65
BUENOS AIRES,ISLA DE LOS ESTADOS,65
LONDON,RIO DE JANEIRO,65
ST CATHARINE,TABLE BAY,65
NORTHERLY FISHING GROUNDS,SCHIEDAM,65
TRINCOMALEE,TABE BAY,65
L'ILE D'AIX,ST PIERRE,65
PORT ROYAL,PLYMOUTH,65
GUADELOUPE,MEDITERANEE,65
SOERABAYA,TAFELBAAI,65
NEDERLAND,NEW YORK,65
"ST MARYS, MADAGASCAR",TABLE BAY,65
RIO,JOHANNA,65
'T NIEUWE DIEP,BATAVIA,64
SPITHEAD,ST AUGUSTINE MADAGASCAR,64
TRINIDADA,LISBON,64
UK,DELLAGO BAY,64
RÍO DE JANEIRO,CÁDIZ,64
BATAVIA,PADANG,64
EL MINA,SURINAME,64
LAGOS BAY,ANTIGUA TO GIBRALTAR,64
PORTO PRAYA,SPITHEAD,64
DOWNS,CAYMANS BAY (CAPE),64
MADEIRA,SPITHEAD,64
FORT ST FRANCISCO,KINGSTON,64
SPITSBERGEN,DORDRECHT,63
HELLEVOETSLUIS,RIO DEMERARY,63
HELLEVOETSLUIS,AZOREN,63
BRAMSPUNT,BERGEN/NOORWEGEN,63
HELVOETSLUIS,CURACAO,63
"MURRAYS ANCHORAGE, BERMUDA",NEW PROVIDENCE BAHAMAS,63
BUENOS AIRES,CHARILLO,63
BATAVIA,SOURATTE,63
MALVINAS,CONCEPCIÓN (CHILE),63
DEMERARY,NEDERLAND,63
BATAVIA,GAMRON,63
ST THOMAS,SPITHEAD,63
BOMBAY,BENGAL,62
WEST INDIES,AMSTERDAM,62
SIMONS BAY,CHATHAM,62
TRINCOMALEE,MADRAS,62
ST HELENA,DUINS,62
PORT LOUIS,ST AUGUSTINE,62
ST JAGO,SALDANHA,62
ST HELENA,LOPS HEAD IRELAND,62
HALIFAX,DELGADA BAY,62
CAPE,CAPE OF GOOD HOPE,62
GRAVESEND,ST HELENA,62
BENGAL,CAPE TOWN,62
CÁDIZ,CAVITE,62
NEDERLAND,ST ANDRIES,62
KAAP DE GOEDE HOOP,KOPENHAGEN,62
PORTA PRAYA,TABLE BAY,62
TEXEL,NEW YORK,62
FORT AMSTERDAM,HELLEVOETSLUIS,62
MIDDELBURG,WEST AFRICA,62
FORT ROYAL,HELLEVOETSLUIS,61
MONTEVIDEO,TABLE BAY,61
DOWNS UK,ST HELENA,61
STRAAT SUNDA,NOORDKUST JAVA,61
TEXEL,MONTEVIDEO,61
ST PIERRE,LA ROCHELLE,61
ST KITTS,PLYMOUTH,61
ST HELENA,CANTON,61
PONDICHERRY,TABLE BAY,61
HOLLAND,GUJANA,61
UNKNOWN,AZORES,61
HAVRE,GUADELOUPE,61
PLYMOUTH,"ST JOHNS, NEWFOUNDLAND",61
MAKASSAR,MANILA,60
CAPE OF GOOD HOPE,RIVER PLATE,60
WATERFORD,BARBADOS,60
TILLICHERRY,MADAGASCAR,60
CURACAO,VLISSINGEN,60
LISBON,CRUISING TO LISBON,60
THE DOWNS,MORANDAVA (MADAGASCAR),60
MANILLA,MADRAS,60
NEDERLAND,FORT AXIM,60
BUENOS AIRES,NEW YORK,60
LONG BAY JAMAICA,SPITHEAD,60
SENEGAL,LISBON,60
FERRO,ST AUGUSTINS BAY,60
ANTIGUA,NEW YORK,60
DELLAGO BAY,BOMBAY,60
AMBOYNA,BOMBAY,59
ANJENGO,TABLE BAY,59
RAMMEKENS,GUINEA,59
HAVANNA,LIVERPOOL,59
TABLE BAY,TRINCOMALEE,59
DUNNOZE,PLYMOUTH - CRUISING WESTERN APPROACHES,59
SCHIEDAM,NORTHERLY FISHING GROUNDS,59
MIDDELBURG,CAAP MONTE,59
MACAO,SAN FRANCISCO,59
SIMON'S BAY,RIO DE JANEIRO,59
AMBOINE,LA BAIE DE LEGRAND,59
CURAÇAO,ST EUSTACIUS,59
JAVA,COLOMBO,59
IVOORKUST,SURINAME,59
SPITHEAD,ST GEORGES BERMUDA,59
BASSE TERRE,PLYMOUTH,59
CORMANTIJN,PARAMARIBO,59
PORT JACKSON,WHAMPOA,59
BATAVIA,CAAP DE GOEDE HOOP,59
GIBRALTAR,BARBADOS,59
LISSABON,GULF OF GUINEE,59
ST MAARTEN,SURINAME,59
PORT EGMONT,FAYAL,59
NEDERLAND,RIO DE LA PLATA,59
MIDDELBURG,SURINAME,58
MAURITIUS,KAAP DE GOEDE HOOP,58
SENEGAL RIVER,LIZARD,58
TEXEL,ELMINA,58
SANTA CRUZ,SIMONSBAAI,58
CADIZ,CARTAGENA,58
PISANG (SUMATRA),CAPE OF GOOD HOPE,58
ST MARTIN,PARAMARIBO,58
BREST,QUÉBEC,58
BREST,SAINT PIERRE-TERRE NEUVE,58
KAAP DE GOEDE HOOP VIA O. INDIE,BATAVIA,58
CAPE,JAVA,58
TRINCOMALEE,PORT LOUIS,58
SPITHEAD,SIMON'S BAY,58
TRISTAN D'ACUNHA,BATAVIA,58
BONA VISTA,ST HELENA,58
INGELEE,BOMBAY,58
WHAMPOA,ST HELENA,58
ST HELENA,BENCOOLEN,57
ST HELENA,JAVA,57
TEXEL,ST EUSTACIUS,57
GUINEA,ST EUSTACIUS,57
SANDY HOOK,SPITHEAD,57
ROTTERDAM,ST GEORGE D'ELMINA,57
DEPTFORD,CRUISING OF USHANT,57
ST HELLENS ROAD,HALIFAX,57
SPITHEAD,ST JAGO,57
PLYMOUTH,PLYMOUTH,57
GUINEE,NIEUWEDIEP,57
KINSALE,CAROLINA,57
SPITHEAD,NANTASKET,57
ST. EUSTATIUS,NIEUWEDIEP,56
ST HELENS,HALIFAX (NF),56
UK,NEW YORK,56
CÁDIZ,CÁDIZ ?,56
RIO DOMMERAAIJ,HELLEVOETSLUIS,56
RIO DE JANEIRO,MADAGASCAR,56
TABLE BAY,BOMBAY,56
MAURITIUS,COCHIN,56
GOLF VAN GUINEE,SURINAME,56
NEDERLAND,ST EUSTASIUS,56
COWES ROAD,NEW YORK,56
ST JOHNS ON A CRUISE TO BERMUDA AND BACK,ST JOHNS,56
ST EUSTACIUS,TEXEL,55
TILLECHERRY ROAD,MADRAS,55
RIVER PLATE,TABLE BAY,55
JAVA,CAPE OF GOOD HOPE,55
COCHIN,BATAVIA,55
SPITHEAD,NEVIS,55
FILIPINAS,FILIPINAS,55
"PORT EGMONT, FALKLAND ISLANDS",UK,55
ST MAARTEN,PARIMARIBO,55
CÁDIZ,FERROL,55
WEST-AFRIKA,BRAMSPUNT,55
LOUISBOURG,TOULON,55
GUINEE,PARAMARIBO,55
RIO DE JANEIRO,SPITHEAD,55
SPITHEAD,TRINDADA,55
CHARLES TOWN,DEPTFORD,55
HALIFAX,NEW YORK,55
VERACRUZ.,CÁDIZ,54
ST EUSTATIUS,CHRISTIAAN ZAND,54
ST GEORGE D'ELMINA,FORT ZEELANDIA,54
HOBART,NOUVELLE IRLANDE,54
ACCRA,BARBADOS,54
ST HELENA,HELVOETSLUIS,54
VALPARAISO,RIO DE JANEIRO,54
PRINCES ISLAND,"ST GEORGES BAY, GRENADA",54
MADRAS,PLYMOUTH,54
ROCHEFORT,"ILES ST. PIERRE, TERRE NEUVE, ILE ROYALE ET RETOUR",54
FORT ST DAVID,UK,54
BERMUDA,HALIFAX,54
SIMONSBAAIJ,PUNTO GALE,54
CARRICK ROAD,CHARLES TOWN,54
VIRGINIA,SPITHEAD,54
NEW YORK,PLYMOUTH,54
HELLEVOETSLUIS,BOSTON,54
VLISSINGEN,SAN SALVADOR,53
ROCHEFORT,ILE MIQUELON ET RETOUR A ROCHEFORT,53
ROCHEFORT,"TOBAGO, LA MARTINIQUE, ST. DOMINGUE",53
RIO DEMERARY,HELLEVOETSLUIS,53
BUENOS AIRES,VALPARAISO,53
BELLE ISLE,ST DOMINGUE,53
PARAMARIBO,NEDERLAND,53
BOMBAY,CAPE OF GOOD HOPE,53
ST HELLENA,UK,53
TEXEL,ST SALVADOR,53
CANTON,ST HELENA,53
ST KITTS,NORE,53
CANTON,TABLE BAY,53
ST KITTS,MILFORD HAVEN,53
PORTSMOUTH,MADEIRA,53
PORT EGMONT,PLYMOUTH,53
JOHANNA,MOUBAT,53
"FORT ROYAL, MARTINIQUE",PRINCE RUPERT BAY,53
LA HABANA,SANTANDER,52
TABLE BAY,MADAGASCAR,52
CÁDIZ,EL CALLAO (LIMA),52
SIERRA LEONE,UK,52
ST GEORGE D'ELMINAR,SURINAME,52
BREMEN,NEW YORK,52
MOCHA,BOMBAY,52
BATAVIA,SOERABAYA,52
COCHINE,CAPE OF GOOD HOPE,52
CONNECTICUTT,CADIZ,52
GOEDE RHEEDE,RIO DE JANEIRO,52
ST AUGUSTINE,BOMBAY,52
ST HELENA,PORTSMOUTH,52
WEST AFRICA,SURINAME,52
MIDDELBURG,ST PAOLO,52
WEST INDIE,VLISSINGEN,52
FUNCHAL,BARBADOS,52
LONDON,NEW YORK,52
VLISSINGEN,ST GEORGE D'ELMINA,51
SPITHEAD,CAPE COAST,51
CORK,"CARLISLE BAY, BARBADOS",51
SAN BLAS,AMÉRICA SEPTENTRIONAL(NOKA),51
SANDWICH ISLANDS,MACAO,51
PLYMOUTH,"ST. AUGUSTINES, MADAGASCAR",51
SIMONSBAAI,BATAVIA,51
ELMINA,BRAAMSPUNT,51
TABLE BAY,ST CATHARINES,51
KAAPSTAD,COLOMBO,51
NEDERLAND,COASTAL,51
RIO DE JANEIRO,INDISCHE ZEE,51
BARCELONA,MARAÑÓN,51
MANILA.,CÁDIZ,51
ST AUGUSTINE,SIMONS BAY,51
ACHEAN,SIMON'S BAY,51
QUÉBEC,ISLE D'AIX,50
RAMMEKES,GUINNEE,50
BARBADOS,DOWNS UK,50
BOMBAY,RODRIQUES (DIEGO RAY),50
TABLE BAY,TILLICHERRY,50
RIO DE JANEIRO,TIERRA DEL FUEGO,50
MANILA,ISLA DE LA ASCENSION,50
SPITHEAD,DESEADA,50
PORT LOUIS,MARTINIQUE,50
JAMAICA,DOWNS UK,50
TABLE BAY,RODRIGUEZ,50
JAMAICA,SCILLY ISLES,50
ROTTERDAM,ST CHRISTOFFEL,50
PANAMA,LIMA,50
MADEIRA,TABLE BAY,50
MANILA,CADIZ,50
CAPE LAGULLAS,ANJENGO,50
THE RAMHEAD,SPITHEAD,50
FLORIDA KEYS,DOWNS (ENGLAND),50
ST MARYS MADAGASCAR,"POINT DE GALLE ROAD, CEYLON",50
BAAI FALSO,BATAVIA,50
"TORTOLA ROADS, ST THOMAS",SPITHEAD,50
LIZARD,MADEIRA,50
CORK,ST JOHNS,50
WINNEBAH,BARBADOES,49
HALIFAX,PORTSMOUTH,49
MAURITIUS,MADRAS,49
WEST INDIES,NEDERLAND,49
SPITHEAD,CHARLESTOWN N.CAROLINA,49
PORT MAHON,HELLEVOETSLUIS,49
PORT ROYAL,DOWNES,49
SIMONSBAAI,FORT BANJOEWANGIE,49
BOMBAY,UNKNOWN,49
VALPARAÍSO,VALDIVIA,49
ILE DE PAQUE,ILE MOWÉE,49
MARTINIQUE,OFFSHORE GUYANA,49
HAVANNAH,SPITHEAD,49
ACARA,PARAMARIBO,49
GULF OF GUINEA,PARAMARIBO,49
MADAGASCAR,SIMONS BAY,49
"ST THOMAS, GULF OF GUINEA",CARLISLE BAY,49
TENERIFFE,TAFELBAAI,49
MIDDELBURG,RIO GABON,49
CARIBE,ROCHEFORT,49
FERNANDO NORONHA,SPITHEAD,49
ROCHEFORT,ST PIERRE,49
"PORT ROYAL, JAMAICA",THE NORE,49
ST MARYS MADAGASCAR,SIMONS BAY,49
CURAÇAO,MIDDELBURG,49
ST JOHNS,CRUISING OFF GRAND BANKS,49
TEXEL,TEXEL,49
TORBAY,ST KITTS,49
CAP FRANCAISE,ROCHEFORT,49
TABLE BAY,GULF OF ADEN,48
CADIX,BREST,48
CAPE SERRA LION,DIXCOVE,48
JAMAICA,CORK,48
MEDEMBLIK/TEXEL,RIO DE JANEIRO,48
ST HELLENS,SPIHEAD (CRUISING),48
CORK,ANTIGUA,48
SPITHEAD,SENEGAL,48
DELGADA BAY,HALIFAX,48
DOVER,CAAP MONTE,48
PLYMOUTH,PORTO PRAYA,48
TABLE BAY,"BACK BAY, TRINCOMALEE",48
CÁDIZ,COSTA FIRME DE LA AMÉRICA,48
NEDERLAND,CURACAO,48
SPITHEAD,GOREE,48
BAAI FALS,STRAAT SUNDA,48
NEW YORK,CURACAO,48
LISBOA,RIO DE JANEIRO,48
NEW YORK,NEDERLAND,48
"ST JOHNS, NEWFOUNDLAND",SPITHEAD,48
PORT JACKSON,PRINCE OF WALES ISLAND,48
SPITHEAD,CARLISE BAY VIA FUNCHAL,48
HELLEVOETSLUIS,NORTHERLY FISHING GROUNDS,47
TABLE BAY,"PORT LOUIS, MAURITIUS",47
MIDDELBURG,KAAP MASURADO,47
PORT ROYAL,NORE,47
TABLE BAY,CEYLON,47
SHANGHAI,BATAVIA,47
PLYMOUTH,BERMUDA,47
PLYMOUTH,BAY OF BISCAY (CRUISING),47
CUBA,ENGLAND,47
HELLEVOETSLUIS,BAHIA DE TODOS LOS SANTOS,47
JERSEY,NOVA SCOTIA,47
GUADELOUPE,NANTES,47
GUADELOUPE,ROCHEFORT,47
SIMONS BAY,TABLE BAY,47
STRAAT SUNDA,TIRIKUNAMALAYA,47
ROTTERDAM,RIO DE JANEIRO,47
MADEIRA,HAMPTON ROAD,47
BASSE TERRE ROADS,SPITHEAD,46
DOWNS,BARBADOES,46
EL MINA,PARIMARIBO,46
FORT ROYAL,BREST,46
PORT BANKS,KING GEORGE'S SOUND,46
GIBRALTAR,LISSABON,46
HAMPTON,NEDERLAND,46
ANTIGUA,LIZARD,46
FALMOUTH,CAPE,46
TABLE BAY,MOCHA,46
PLYMOUTH,GIBRALTAR,46
AFRIKA,SURINAME,46
CHARLESTOWN,NEW YORK,46
NEDERLAND,WEST AFRIKA,46
PLYMOUTH,CAPE HENRY,46
ST THOMAS (SAO TOME),SPITHEAD,46
BATAVIA,PORT LOUIS,46
TEXEL,CANARIA,46
MONTEVIDEO,ISLA SANTA CATALINA (BRASIL) Y VUELTA,46
HALIFAX,"CALISLE BAY, BARBADOS",46
LISBON,"HAMPTON ROAD, VIRGINIA",46
PUERTO RICO,VERACRUZ,46
CORK,GOREE,46
URK,ST EUSTATIUS,46
PLYMOUTH,DIXCOVE,46
MALIMBA,BRAMSPUNT,46
PHILADELPHIA,TERVEUR,45
ARIKA,KARAKOKOA,45
PRINSSE EILAND,SURINAME,45
TABLE BAY,LOBOS ISLAND (RIVER PLATE),45
BARBADOS,PLYMOUTH UK,45
TORTOLA,SPITHEAD,45
CAPE CLEAR,SEARCHING FOR AN ISLAND,45
SPITSBERGEN,AMSTERDAM,45
TABLE BAY,RIO DE LA PLATA,45
ANTIGUA,BARBADOS,45
ST GEORGE D'ELMINA,MONTEVIDEO,45
UNKNOWN,"SALVADOR, BRAZIL",45
UNKNOWN,CURAÇAO,45
YARMOUTH,NEW YORK,45
MADEIRA,AZORES,45
PLYMOUTH,CHARLESTOWN,45
PORT DES FRANCAIS,MONTEREY,45
NOUVELLE IRLANDE,AMBOINE,45
ST THOMAS (SAO TOME),DOMINICA,45
CAPE DE VERDE,FYALL,45
GRAVESEND,HUDSON BAY CHURCHILL,45
PLYMOUTH,ST JOHNS,45
RODRIQUES (DIEGO RAY),MADRAS,45
VLISSINGEN,PARAMARIBO,45
CARLISLE BAY,WOOLWICH,45
MADEIRA,JAMAICA,44
CHARLESTOWN,BARBADOS,44
NIEUWEDIEP,GUINEE,44
SENEGAL,FALMOUTH,44
PLYMOUTH,CAPE,44
PRINSIES,KAAP LAHOE,44
RIO,PORT EGMONT,44
CAPE CLEAR,CARLISE BAY BARBADOES,44
CESERIJEN,BATAVIA,44
ST JOHNS NEWFOUNDLAND,LISBON,44
CAP FRANCOIS,BORDEAUX,44
TEXEL,ST GEORGE D'ELMINA,44
KAAP DE GOEDE HOOP,DE EILANDEN DINA EN MAARSEVEEN,44
SURINAME,ST EUSTACIUS,44
TEXEL,CAYENNE,44
POINT PALMIRA,UK,44
MADEIRA,HAMPTON ROAD VIRGINIA,44
LORIENT,PORTSMOUTH,44
NANTASKEN,BUSQUE,44
CURACAO,RIO DE JANEIRO,44
NEWFOUNDLAND,VIRGINIA,44
TORBAY,EAST END OF BARBADOS (THEN CARLISLE BAY),44
LOANGO,SURINAME,44
MONTEVIDEO,SANTA CATALINA(BRASIL),44
PRINCES ISLAND,TABLE BAY,43
MADRAS,BATAVIA,43
PLYMOUTH,FALMOUTH,43
PLYMOUTH,CRUISING THE WESTERN APPROACHES,43
BRUNSWICK,BALTIMORE HARBOUR,43
PARAMARIBO,RAMMEKENS,43
LIZARD,HALIFAX,43
NIEUWEDIEP,NEW YORK,43
CAP FRANCAIS,BORDEAUX,43
FAYAL,PLYMOUTH,43
PORT JACKSON,BATAVIA,43
LISBON,NEWFOUNDLAND,43
LA GUADELOUPE,L'ISLE D'AIX,43
CADIZ,VERACRUZ,43
NEWPORT RHODE ISLAND,PORTSMOUTH,43
GOA ROAD,"MATHURIN BAY, RODIGUEZ",43
KAUAI,CANTON,43
ST JAGO,RIO,43
PLYMOUTH,"CARLISLE BAY, BARBADOS",43
PLYMOUTH,GULF OF GUINEA,43
QUEBEC,ROCHEFORT,43
HELLEVOETSLUIS,CAYENNE,43
EL CALLAO,ISLA DE PASCUA,42
START POINT UK,HALIFAX,42
SANDWICH ISLANDS,PRINCE WILLIAM'S SOUND,42
BREST,PORTSMOUTH,42
ST CRUZ,TRISTAN D'ACUNHA,42
CADIZ,MONTEVIDEO,42
VIRGINIA,CADIZ,42
SPITHEAD,CARLISE BAY BARBADOES,42
BATAVIA,BENGALEN,42
PARAMARIBO,TEXEL,42
PARIMARIBO,ST EUSTACIUS,42
CADIZ,CHARLESTON,42
RAMMEKENS,WEST AFRIKA,42
BATAVIA,TRINCOMALEE,42
CAPE NICHOLAS,SPITHEAD,42
CAPE OF FLORIDA,DOWNS,42
PLYMOUTH (ENGLAND),PLYMOUTH (MONSERRAT),42
ROAD TORN TORTOLA,THE DOWNS,42
RIVER PLATE,SPITHEAD,42
LA HABANA,CAMARIÑAS,42
TORBAY,ST JOHNS NEWFOUNDLAND,42
MEW BAY -JAVA,BOMBAY,41
POINT POSESSION,GRATIOSA,41
BREST,CUL DE SAC,41
BOSTON,SPITHEAD,41
BORDEAUX,ST DOMINGUE,41
ST DOMINGUE,ST. NAZAIRE,41
TILLICHERRY,CALCUTTA,41
NIEUWEDIEP,RIO DE JANEIRO,41
BOSTON,CHALESTOWN,41
GIBRALTAR,MARTINIQUE,41
HAMMOZE,HAMMOZE (CRUISING),41
BELIZE,NEDERLAND,41
CORK,CARLISE BAY,41
CHARLESTOWN,ST LUCIA,41
EQUATOR,CAPE OF GOOD HOPE,41
ROTTERDAM,WEST AFRIKA,41
VLISSINGEN,NOORD AMERIKA,41
SPITHEAD,ST JOHNS (NF),41
LA BARBADE,BREST,40
MADRAS,TILLICHERRY,40
MADEIRA,NEW YORK,40
LA HABANA,CADIZ,40
ST MARTIJN,BERGEN,40
SPITHEAD,ST LUCIA,40
CORK,CARLISLE BAY BARBADOS,40
TORBAY,"FORT ROYAL, MARTINIQUE",40
"CANTON RIVER, CHINA",ST HELENA,40
MADAGASCAR,TABLE BAY,40
TRINIDAD (CUBA),CURACAO,40
ST PIERRE MARTINQUE,SPITHEAD,40
SPITHEAD,"MURRAYS ANCHORAGE, BERMUDA",40
SPITHEAD,RIO DE JANEIRO,40
LONG ISLAND,SPITHEAD,40
PLYMOUTH,HAMPTON ROAD VIRGINIA,40
BREST,"DOMINIQUE, CADIX, MALAGUA ET RETOUR A BREST",40
FERROL,CAP,40
LA MARTINIQUE,BREST,40
CHARLESTOWN,SPITHEAD,40
BOMBAY,MOCHA,40
ST AUGUSTINS BAY,BOMBAY,40
BOMBAY,MALAYSIA,40
ROCHEFORT,GUADELOUPE,40
SIMON'S BAY,MADRAS,40
SURINAME,CURAÇAO,40
ENGLAND,SIERRA LEONE,40
VIRGINIA,PORTSMOUTH,40
SOERABAYA,ALGOA BAAI,40
BATAVIA,CANTON,40
MIDDELBURG,GABON,40
PRINCESS ISLAND (NR ST THOMAS),BARBADOS,40
MADEIRA,MADEIRA,40
WEST INDIES,BREST,40
RIO DE JANEIRO,FALMOUTH,40
TORBAY,"ST PATRICK'S HOLE, NEWFOUNDLAND",40
MARIE GALANTE,BREST,39
L'ISLE DE RÉ,LA GUADELOUPE,39
MIDDELBURG,GOLF VAN GUINEE,39
CURACAO,ST MAARTEN,39
ST DOMINGO,NIEUWEDIEP,39
ST VINCENT,LIVERPOOL,39
CAPE FLORIDA,SPITHEAD,39
ST EUSTATIUS,SURINAME,39
CHEREBON ROAD,RIVER BANJOR,39
UK,"ST. JOHNS, NEWFOUNDLAND",39
BATAVIA,TRINCONOMALE,39
ACHEAN HEAD,BOMBAY,39
TAFELBAAI,JAVA,39
NEW YORK,LE HAVRE,39
"ROAD TOWN, TORTOLA",NORE,39
"PLYMOUTH, MONSERRAT",SPITHEAD,39
CAPE NICHOLAS,DOWNS,39
PADANG,BATAVIA,39
MADRAS,ACHEEN,39
GRAVESEND,HUDSON BAY,39
PORTA PRAYA,FALKLAND ISLANDS,39
GALLE,MAURITIUS,39
TEXEL,CURAÇAO,39
KEDGEREE,PINANG,39
SPITHEAD,HAVANA,39
PRINCE RUPERT BAY,FORT ROYAL,39
ANJENGO,CAPE OF GOOD HOPE,39
EL CALLAO,EL CALLAO,39
POUILLAC,MONSERRAT,39
PETER'S ISLAND (WEST INDIES),DOWNES,38
BORDEAUX,MARTINIQUE,38
NEDERLAND,MIDDELLANDSE ZEE,38
CAPE COAST,"PORT ROYAL, JAMAICA",38
CAPE GOOD HOPE,MONTEVIDEO,38
UK,HALIFAX,38
SPITHEAD,CARLISE BAY BARBADOS,38
BOMBAY,DIEGO RAY,38
MANILA,NORTE DE NUEVA ESPAÑA,38
MATANZES (CUBA),DEPTFORD,38
CURACAO,DE GOEDE RHEEDE,38
ACAPULCO,SAN BLAS,38
HELLEVOETSLUIS,HELLEVOETSLUIS,38
"EL CALLAO (LIMA, PERÚ)",VALPARAÍSO (CHILE),38
ST HELENS,CRUISING WESTERN APPROACHES,38
ST HELENA,RIVER PLATE,38
ST HELENA,FERDINANDO LORONHO,38
MAHÓN,ARGEL,38
GAMBIA,UK,38
FALMOUTH,PORT ROYAL,38
SALDANHA,JOHANNA,38
CADIZ,PUERTO RICO,38
FALMOUTH,BOSTON,38
ST. AUGUSTINE MADAGASCAR,CUDDALORE,38
ST JOHN'S NEWFOUNDLAND,LISBON,38
CÁDIZ,AMÉRICA,37
CAPE COAST,CARLISLE BAY (BARBADOES),37
MONTEVIDEO,VALPARISO,37
ST JAGO,ENGLAND,37
MÁLAGA,ISLAS DE BARLOVENTO,37
TAHITI,NEW ZEALAND,37
WILLEMSOORD,PARAMARIBO,37
ALLERHEILIGEN BAAIJ,TAFELBAAI,37
ST JOHNS (NF),CRUISING OFF GRAND BANKS,37
RIVER PLATE,SIMONS BAY,37
SPITHEAD,APOLONIA,37
SPITHEAD,CRUISE TO FINISTERRE,37
GIBRALTAR,HALIFAX,37
PORT ROYAL,PORTSMOUTH,37
CAPE CARAVELLA,CAPE CARAVELLA,37
CASTRIES,AVATSCHA,37
"FAYAL, AZORES",ST JOHNS,37
BATAVIA,CEYLON,37
MANILA,ESTRECHO SAN BERNARDINO,37
CORK,CARLISE BAY BARBADOS,37
BEMBRIDGE,CARLISLE BAY,37
GUAYAQUIL,CALLAO,37
JAMAICA,WOOLWICH,37
PORT ANTONIO,DOWNS,37
TORBAY,CARLISLE BAY,37
CÁDIZ,CABO SAN VICENTE Y SANTA MARÍA Y VUELTA,37
BATAVIA,MACAO,37
TENERIFFE,PLYMOUTH,37
BOSTON,PLYMOUTH,37
LONDON,AUSTRALIE,37
CARIBEAN,BREST,37
PORTLAND,ST JOHN'S NEWFOUNDLAND,37
ST MARTIN DE RHÉ,MARTINIQUE,37
PRINCE RUPERTS BAY DOMINICA,RHODE ISLAND,37
PUERTO PAITA,PUERTO DE MACAO,37
FYALL BAY,GAMBIA RIVER,37
PLYMOUTH,CAPE COAST,36
CARDIFF,NEW YORK,36
CAPE COAST,PORT ROYAL JAMAICA,36
ANNABONA,BARBADOS,36
SANDWICH ISLANDS,COAL HARBOUR,36
MADEIRA,SENEGAL,36
NORE,NEW YORK,36
SAUGOR ROAD,GOA,36
JAMAICA,START POINT,36
THE NETHERLANDS,GUINEA,36
SAUGOR ROAD,MADRAS,36
BAHAMAS,SPITHEAD,36
BREST,CADIX,36
ST EUSTACIUS,PARIMARIBO,36
ST EUSTACIUS,NEDERLAND,36
NEDERLAND,SIERRA LEONE,36
LA BAIE DE LEGRAND,HOBART,36
BASSE TERRE,ROCHEFORT,36
MADRAS,PRINCE OF WALES ISLAND,36
MALAGA,LOUISBOURG,36
MONSERRAT,SPITHEAD,36
PLYMOUTH,ST JOHNS HARBOUR,36
FALSE BAY,ST HELENA,36
ASCENSION,CAPE,36
MADRAS,CRUISING TOWARDS RODRIQUEZ,36
CHARLES TOWN,LIZARD,36
ENGLAND,BARBADOS,36
ST HELENA,WOOLWICH UK,36
CHERILLOS,NOAHIWA,36
GIBRALTAR,PLYMOUTH,36
LA HAVANE,ROCHEFORT,36
VLISSINGEN,SANTA CRUZ,36
COROMANDEL,BATAVIA,36
VLISSINGEN,CURAÇAO,35
ADELAIDE,BATAVIA,35
HAMPTON,TEXEL,35
SPITHEAD,SIERA LEONE,35
MIDDELBURG,KAAP MAZURADO,35
SURINAME,ST MAARTEN,35
GUADELOUPE,L'ISLE DIEU,35
NEW ZEALAND,TOWARDS CAPE HORN,35
UK,DOMINICA,35
SPITHEAD,PORT ROYAL JAMAICA,35
"DAUPHIN BAY, MADAGASCAR",TABLE BAY,35
LA ROCHELLE,SPITHEAD,35
SANDY HOOK,BARBADOS,35
MADEIRA,BRUNSWICK,35
PRINCE OF WALES ISLAND,MADRAS,35
FORT ROYAL,ROCHEFORT,35
"ST JOHNS, NF","FAYAL, AZORES",35
ST MARY'S,DIEGO GARCIA,35
SENEGAL ROAD,SPITHEAD,35
PORTO PRAYA,ST HELENA,35
CÁDIZ,LEVANTE ESPAÑOL,35
SECONDA,DOMINICA,35
BOMBAY,KEDGEREE,35
FUNCHAL ROAD (MADEIRA),VIRGINIA,35
SANDY POINT (NEW YORK),UK,35
ROCHEFORT,BASSE TERRE,34
MALACCA,CANNANORE,34
CAPE HENLOPEN,ST AUGUSTINES (FLORIDA),34
COULON,MARTINIQUE,34
ANNABONA,SIERRA LEONE,34
PLYMOUTH,ANTEGUA,34
TENERIFF,WEST INDIES,34
YARMOUTH,BARBADOS,34
PARAMARIBO,ST EUSTATIUS,34
HELVOETSLUIS,MONROVIA,34
PORTSMOUTH,MADERIA,34
PORT ANTOIO JAMAICA,THE DOWNS,34
CEYLON,ST. MARYS ROAD MADAGASCAR,34
MADRAS,PENANG,34
ILE MOWÉE,PORT DES FRANCAIS,34
MAKASSAR,MACAO,34
MADRAS,TRINCOMALEE,34
BOSTON,TEXEL,34
BUENO AIRES,CAPE,34
AMBOYNA,TRINCOMALEE,34
LISSABON,HELLEVOETSLUIS,34
FORT ROYAL,ISLE D'AIX,34
ST PAULS,MADRAS,34
NEDERLAND,CADIZ,34
HELLEVOETSLUIS,FUNCHAL,34
NAZARETH,KAAP MASURADO,34
FERROL,SENOUR,34
TORBAY UK,BASSE TERRE,34
ST JOHNS HARBOUR,LISBON,34
ST JOHNS ANTIGUA,SPITHEAD,34
SIMONS BAY,"QUILOA, EAST AFRICA",34
SANDY HOOK,CADIZ,34
PORT ROYAL JAMAICA,UK,34
NEW YORK,TEXEL,34
LA HABANA,BILBAO,34
FORT ST DAVIDS ROAD,UNKNOWN,34
MORANDAVA (MADAGASCAR),GOMBROON,34
TRUXILLO,CURAÇAO,33
BARBADOS,GIBRALTAR,33
SPITHEAD,ST JOHN NEWFOUNDLAND,33
HAMOAZE,JAMAICA,33
"ST AUGUSTINS BAY, MADAGASCAR",MADRAS,33
CHINTSURA,BATVIA,33
SPITHEAD,SURINAM,33
SPITHEAD,FUNCHAL,33
TRINCOMALE,RODRIGUEZ,33
SPITHEAD,"CARLISLE BAY, BARBADOS",33
TRINCOMALE,OFF SHORE,33
KING GEORGE'S SOUND,SANDWICH ISLANDS,33
ST JOHNS,"FAYAL, AZORES",33
SOUTHPORT,MAKINDA CREEK,33
LISBON,BOSTON,33
MADEIRA,ACCRAW,33
MADAGASGAR,MADRAS,33
MADAGASCAR,MADRAS,33
NEW YORK,ROTTERDAM,33
PORT ROYAL JAMICA,PLYMOUTH,33
NEW YORK,BASSE TERRE,33
MONTSERAT,SPITHEAD,33
SIMON'S BAY,CAPE ST MARY,33
PORTSMOUTH,HALIFAX,33
BREST,MARIE GALANTE,33
TORBAY,ANTIGUA,33
FUNCHAL,RIO DE JANEIRO,33
ST CRUZ,CAAP FRANCAIS,33
ST THOMAS,JAMAICA,33
TENERIFFE,RIO DE JANEIRO,33
PLYMOUTH,BASSE TERRE,33
HELLEVOETSLUIS,FREETOWN,32
HAVANNAH (CUBA),PORTSMOUTH,32
ST GEORGE D'ELMINA,RIO DE JANEIRO,32
TORBAY,CORK,32
FUNCHAL,TEXEL,32
LISSABON,WEST AFRICA,32
MACAO,BATAVIA,32
LISSABON,NIEUWEDIEP,32
BATAVIA,NAGEPATNAM,32
ST CHRISTOFFEL,SURINAME,32
ST. HELENA,SPITHEAD,32
SPITHEAD,GIBRALTER,32
PORT ROYAL,UK,32
BATAVIA,DECIMA,32
CURAÇAO,WILLEMSOORD,32
CORK,NEW YORK,32
PORTSMOUTH,PORTSMOUTH (AFTER CRUISING TOWARDS FINISTERRE),32
NANTES,GUADELOUPE,32
SAINT PIERRE,BREST,32
CADIZ,PLYMOUTH,32
NIEUWEDIEP,PARAMARIBO,32
JAMAICA,UK,32
JOHANNA,MADRAS,32
HALIFAX,FAYAL,32
"AUGUSTINE BAY, MADAGASCAR",BOMBAY,32
PLYMOUTH,SIERRA LEONE,32
HALIFAX,FORT JOHNSON,32
PLYMOUTH,"MURRAYS ANCHORAGE, BERMUDA",32
CURACAO,LA GUAYRA,32
COROMANDEL,GALE,32
ST AUGUSTINE,CHARLESTOWN,32
ANTIGUA,PORTSMOUTH,32
USHANT,SPITHEAD - CRUISING BAY BISCAY,32
PLYMOUTH SOUND,ST JOHNS HARBOUR (NEWFOUNDLAND),32
GRAVESEND UK,CAPE LAND,32
SIMONS BAY,ST HELENA,31
NEW YORK,SPITHEAD,31
BATAVIA,PUNTO GALE,31
ANGUILLA,PLYMOUTH,31
NEW YORK,ANTWERPEN,31
TEXEL,LERWICH,31
TORBAY,PLYMOUTH (CRUISING WESTERN APPROACHES),31
FUNCHAL,"SALVADOR, BRAZIL",31
MAYAGUANA (BAHAMAS),SPITHEAD,31
BELLE ISLAND,SPITHEAD,31
PORTO KABELLO,RIVIER KOMMEWIJNE,31
NEVIS,START POINT,31
ST THOMAS,FALMOUTH,31
MADEIRA,BOSTON,31
CADIZ,PARIMARIBO,31
DESCONOCIDO (MARES DE NICARAGUA),ACAPULCO,31
ANJER,SAMBVANGAN,31
SURINAME,FORT ROYAL,31
ANTIGUA,UK,31
ORKNEYS,HALIFAX,31
CAPETOWN,MAURITIUS,31
MALACCA,MADRAS,31
SPITHEAD,"NORFOLK, VIRGINIA",31
JAMAICA,MARTINIQUE,31
HELLEVOETSLUIS,ALGIERS,31
CORVO,MADRAS,31
CORUÑA,CÁDIZ,31
ANTIGUA,GIBRALTAR,31
BARBADOS,NEDERLAND,31
RIO DE JANEIRO,ST EUSTATIUS,31
MAURITIUS,TABLE BAY,31
SIERRA LEONE,ST GEORGE D'ELMINA,31
MADEIRA,SENEGAL RIVER,31
NEWPORT,ST THOMAS,31
GIBRALTER,SPITHEAD,31
PUNTE GALE,BATAVIA,31
PRINCES EILAND,RIO DE JANEIRO,31
GUERNSEY,JAMAICA,31
ST JAGO,RIO DE JANERO,31
"PORT LOUIS, MAURITIUS",MADRAS,31
PORT PHILIP,BATAVIA,31
BALTIMORE,BREST,30
NEAR MADEIRA,ANTIGUA,30
"NASSAU, BAHAMAS",SPITHEAD,30
PORTSMOUTH,"CAPE NICHOLAS, SAN DOMINGO",30
LIZARD,GIBRALTAR,30
LISBON,UK,30
YARMOUTH,ANTIGUA,30
ST HELENA,BUENO AIRES,30
RIVER PLATE,CAPE OF GOOD HOPE,30
ICELAND,BERGEN,30
PORT AU PRINCE,BERMUDA,30
ISLE D'AIX,FORT ROYAL,30
VALPARAISO,PANAMA,30
ST JOHNS ROAD (ANTIGUA),UK,30
SPITHEAD,"HAMPTON ROAD, VIRGINIA",30
KINSALE,CHURCHILL,30
JOHANNA,NAGAPATAM,30
ST JAGO,SIERRA LION,30
KEDGEREE,MADRAS,30
EQUATOR,RIO,30
PLYMOUTH,SENEGAL,30
SPITHEAD,PLYMOUTH (CRUISING),30
NEW PROVIDENCE,HAMPTON ROAD,30
BATAVIA,MADRAS,30
BAHIA,FALSE BAY,30
MONSERRAT,DOWNS,30
HAVANNAH,VLISSINGEN,30
TAHITI,TONGA,30
ST DOMINGUE,MARTINIQUE,30
LIZARD,AZORES AND BACK,30
MADRAS,BALLISORE (BALESHWAR) ROAD,30
NEW YORK,SCHIEDAM,30
RODRIQUEZ,TABLE BAY,30
MOUBAT,BOMBAY,30
PUNTO GALLE,BATAVIA,29
PUNTO GALE,MAZULIPATNAM,29
HAVANNAH,SCILLY,29
PINANG,MADRAS,29
ISLE D´AIX,MARTINIQUE,29
SPITHEAD,"ST JOHNS, NEWFOUNDLAND",29
CAPE LOPEZ,ANTIGUA,29
FALMOUTH,PLACENTIA HARBOUR,29
HALIFAX,PORTLAND ENGLAND,29
"ST AUGUSTINE'S BAY, MADAGASCAR",BOMBAY,29
ST HELENA,CAPE,29
ST DOMINGUE,ROCHEFORT,29
"CARLISLE BAY, BARBADOS",TORBAY,29
ST CATHARINES,TABLE BAY,29
ST CATHERINE'S PORT,PLYMOUTH,29
CADISE,MARTINIQUE,29
NEDERLAND,PLYMOUTH,29
NEDERLAND,CURAÇAO,29
LOUISBOURG,CADIX,29
CÁDIZ,DESCONOCIDO,29
"ST JOHNS, NEWFOUNDLAND",LISBON,29
CORK (WESTERN APPROACHES),PLYMOUTH,29
"PRINCE RUPERT BAY, DOMINICA",DOWNS,29
SIMONS BAY,RIO DE JANEIRO,29
LISBON,WOOLWICH,29
LOUISBOURG,BREST,29
SOERABAJA,AMBON,29
JAVA HEAD,MADRAS,29
NORE,BARBADOS,29
NEW YORK,BOSTON,29
GIBRALTAR,PORT AU PRINCE,29
PORT ROYAL (JAMAICA),SPITHEAD,29
SAN BLAS,REALEJO,29
BASSE TERRE,DOWNS,29
GUERNSEY,MONSERRAT,29
BOSTON,ANTIGUA,28
PORTENDIC,FAYAL,28
PORTSMOUTH,BREST,28
LIZARD,ST JOHNS,28
CANTON,TILLICHERRY,28
RICHARD,GUADELOUPE,28
ANNABONA,ST HELENA,28
QUÉBEC,BREST,28
ST JOHNS,CADIZ,28
NEW YORK,HALIFAX,28
CAPE FRANCOIS HARBOUR,SPITHEAD,28
SPITHEAD,CARLISLE BAY BARBADOS,28
SAN SALVADOR,TAFELBAAI,28
PORT ROYAL JAMAICA,SPITHEAD,28
GIBRALTAR,VIRGINIA,28
ROTTERDAM,MADEIRA,28
DESCONOCIDO,COSTA PATAGÓNICA,28
HALIFAX,BERWICK,28
CAPE DELGADA,TABLE BAY,28
SPITHEAD,ST JOHN'S HARBOUR NEWFOUNDLAND,28
BARBADOS,HALIFAX,28
PANAMA,ACAPULCO,28
MADRAS - BALASORE,MADRAS,28
NÁPOLES,LIORNA,28
SPITHEAD,"NASSAU, BAHAMAS",28
ST AUGUSTINE,NEW YORK,28
USHANT,SOUTHSEA,28
CHARLESTOWN,ST AUGUSTINE,28
MADRAS,PULO PINANG,28
TAGUS LISBON,ST JOHNS,28
COWES RD,BARBADOES,28
PLYMOUTH,CORK,28
(GILOLO) HALMAHIRA,WAMPOE,28
DUBLIN BAY,MADERIA,27
LOUISBOURG NOVA SCOTIA,SPITHEAD,27
BATAVIA,SHANGHAI,27
HAVANNA(?),UK(?),27
HAVANNA,VLISSINGEN,27
GAMRON,COCHIN,27
ST MARYS MADAGASCAR,TABLE BAY,27
BERMUDA,HAMPTON ROAD,27
ST JOHNS (NF),CRUISING OFF NF,27
NEW YORK,LONDEN,27
"BACK BAY, TRINCOMALEE",BENKULEN,27
ISLA DE PASCUA,CHILOÉ,27
ST DOMINGUE,BORDEAUX,27
SAN DOMINGO,PLYMOUTH,27
MADEIRA,BERMUDA,27
BATAVIA,TJILATJAP,27
MADEIRA,ST JOHN'S ANTIGUA,27
MONTEVIDEO,ISLA SANTA CATALINA (BRASIL),27
WATERFORD,ST JOHNS,27
BASSE TERRE,UK,27
LA CONCEPCIÓN DE CHILE,EL CALLAO DE LIMA,27
CAYMANS BAY (CAPE),BAHIA,27
NEW YORK,NORE,27
RIO DE JANEIRO,"PORT EGMONT, FALKLAND ISLANDS",27
CHARLES TOWN,SPITHEAD,27
MAKASSAR,BATAVIA,26
TIBURON BAAI,TEXEL,26
FENSHALL ROAD MADEIRA,ANTIGUA,26
PORT PRAYA,"ST MICHAELS, AZORES",26
MADEIRA,DOMINICO,26
BATAVIA,SINGELS,26
DIEGO RAYS,TABLE BAY,26
SMIRNA,PORT MAHON,26
PLYMOUTH,SANTA CRUZ,26
CEYLON,BATAVIA,26
ST PIERRE,ROCHEFORT,26
GALE,COASTAL,26
ST JOHNS NF,LISBON,26
GULF OF ADEN,BOMBAY,26
CHARLESTOWN,PORTSMOUTH,26
HALIFAX,"PORT ROYAL, JAMAICA",26
HAVANA,HALIFAX,26
HELLEVOETSLUIS,BRIDGETOWN,26
HALIFAX,BASSE TERRE,26
UNKNOWN,FORT ST DAVIDS ROAD,26
VERACRUZ (MÉXICO),CUBA,26
COWES,SABLE ISLAND (NEWFOUNDLAND),26
HALIFAX (CHABUKTA HARBOUR),LISBON,26
PORTSMOUTH,PHILADELPHIA,26
HAMPTON,MARGRET ROAD (UK),26
RIO DE LA PLATA,SIMONS BAY,26
PORT LOUIS,TAFELBAAI,26
BOSTON,SAVANAH GEORGIA,26
CHARLES TOWN,ANTIGUA,26
TAGUS,SPITHEAD,26
SPITHEAD,CADIZ,26
"CAPE FRANCOIS HARBOUR, HISPANOLA",SPITHEAD,26
FUNCHAL,ST JAGO,25
CORK,HALIFAX,25
CAP,NANTASKEN,25
ISLA DE ALBIMOR EN LAS GALAPAGOS,PACOCHA,25
FORT ST DAVID ROAD (MADRAS),ANJANGO ROAD,25
SIMONS BAY,MAURITIUS,25
MACAO,SHANGHAI,25
THE MANNAN,CHARLES TOWN,25
LOUISBOURG,ANTIGUA,25
NEW YORK,ST MARY'S SOUND,25
UK,GIBRALTAR,25
BOSTON,LIZARD,25
PENANG,CALCUTTA,25
SANDY HOOK,EAST RIVER,25
HALIFAX,BOSTON,25
MADEIRA,VIRGINIA,25
HAVANA,ROTTERDAM,25
GULF OF MAINE,UK,25
ST HELENA,ASCENSION,25
CAPE SIERRA LEONE,DICKIS COVE,25
MADERIA ROAD,CHEBUTO,25
PRINCES ISLAND,BARBADOS,25
FERROL,FERROL?,25
SPITHEAD,GREAT ST LAWRENCE HARBOUR,25
PORTO PRAYA,AXIM FORT,25
CAP DE DIEMEN,TONGATABOU,25
NEW YORK,START POINT,25
NEW YORK,WEST INDIES,25
CABO DE GRACIAS A DIOS,"ISLA DE SAN ANDRÉS Y STA. CATALINA, ALIAS PROVIDEN",25
CAPE SAMBROUGH,WOOLWICH,25
HONG KONG,BATAVIA,25
JAVA HEAD,CAPE OF GOOD HOPE,25
PORT JACKSON,SOERABAYA,25
ISLA DE FRANCIA,TAHITI,25
JAMAICA PORT ROYAL,SPITHEAD,25
MACAO,MALACCA,24
MADEIRA,CHARLESTOWN,24
SANTA CATHALINA,MONTEVIDEO,24
SOURABAYA,TIMOR,24
TENERIFFE,SENEGAL,24
THE ISLAND OF BARRA (SHETLANDS),BRISSEL,24
SANTA CRUZ,SPITHEAD,24
ST JOHNS,ICELAND,24
ST MARTIN,LA GUAYRA,24
HAVANNA,CURACAO,24
MADEIRA,HALIFAX,24
BARBADOS (CRUISING),CARLISE BAY BARBADOS,24
ISLE OF BEC,CADIZ,24
CAPE AGULLAS,MOHILLA ISLAND,24
CHARLESTOWN,JAMAICA,24
TRINCOMALEE,MAURITIUS,24
COLOMBO (SRI LANKA),PRINCES ISLAND (JAVA),24
PARAMARIBO,CAYENNE,24
PAPENBERG,BATAVIA,24
MADEIRA,ST CHRISTOPHERS,24
MADEIRA,RIVER GAMBIA,24
ST HELENA,ROTTERDAM,24
NEDERLAND,MARSEILLE,24
KEDGEREE,MALACCA,24
JAMAICA,WEYMOUTH,24
"ENGLISH BAY, ANTIGUA",ANTIGUA,24
FAYAL,ANTIGUA,24
FUNCHAL,ST EUSTATIUS,24
FAYAL,SPITHEAD,24
SPITSBERGEN,HELLEVOETSLUIS,24
NEW YORK,BREST,24
MONTEVIDEO,ISLA DE SANTA CATALINA,24
PUERTO RICO,VERACRUZ (MÉXICO),24
HALIFAX,NEW YORK (STATTEN ISLAND),24
"PORT ROYAL, JAMAICA",HALIFAX,24
MAHON,ALGECIRAS,23
BOMBAY,NAGAPATRAM,23
PLYMOUTH,PLYMOUTH (CRUISING),23
DESEADA,HALIFAX,23
LE HABRE,ST MARTIN DE RHÉ,23
SPECTACLE ISLAND (BOSTON),SHEERNESS,23
SOERABAYA,BEZOEKI,23
PLYMOUTH SOUND,MADERIA ROAD,23
CAPE OF GOOD HOPE,ST HELENA,23
ST CHRISTOPHERS (BASSE TERRE),CARLISE BAY BARBADOS,23
"ST THOMAS, VIRGIN ISLANDS",HALIFAX,23
BATAVIA?,SOCOTRA?,23
FALMOUTH,HALIFAX,23
RIO DE JANEIRO,PORT DESIRE,23
RIO DE JANEIRO,CAPE OF GOOD HOPE,23
BAIJ VAN DILAGOA,KAAP DE GOEDE HOOP,23
ISLAND OF BOURBON,ST HELENA,23
ISLA SANTA CATALINA (BRASIL),MONTEVIDEO,23
CAAP FRANCAIS,HAMPTON,23
CARTAGENA?,CURACAO,23
MONTEVIDEO,ISLAS MALVINAS,23
ST EUSTATIUS,SPITHEAD,23
ST EUSTACIUS,CURACAO,23
GIBRALTAR,UK,23
CAPE ST VINCENT,BARBADOS,23
PORTSMOUTH,CARLISLE BAY BARBADOS,23
GIBRALTAR,DOWNS,23
CARIBEAN,ST JOHNS,23
AZORES,CORK,23
BOCHT VAN GUINEE,PRINSIES,23
CAPE SPARTEL,PLYMOUTH,23
ST PIERRE,MARTINIQUE,23
HALIFAX,TORBAY,23
ST HELENA,CAPE GOOD HOPE,23
MADEIRA,NEVIS,23
CRACATOA,FORT ST DAVID ROAD (MADRAS),23
CRUISING,PLYMOUTH,22
PLYMOUTH,FERROL HARBOUR - CRUISING THE WESTERN APPROACHES,22
BORDEAUX,ROTTERDAM,22
VALDIVIA (CHILE),CONCEPCIÓN (CHILE),22
ICELAND,ZWEDEN,22
NEW YORK,BARBADOS,22
FUNCHAL,SPITHEAD,22
CAPE VERDE,SPITHEAD,22
ST JOHN'S ANTIGUA,SPITHEAD,22
PRINCE RUPERTS BAY,FALMOUTH UK,22
ST JOHNS NEWFOUNDLAND,"FORT ST JULIAN, LISBON",22
HALIFAX,"NASSAU, BAHAMAS",22
ST JAGO,FUNCHAL,22
COCHIN,GULF OF ADEN,22
RIVER BANJOR,FLAT POINT,22
BATAVIA,HONG KONG,22
CALLAO,VALPARAISO,22
PLYMOUTH,ST LAWRENCE NEW FOUNDLAND,22
ANGUILLA,HALIFAX,22
TILLICHERRY FLAG,BOMBAY HARBOUR,22
CURAÇAO,CURAÇAO,22
ANTIGUA,ENGLAND,22
CADIX,AZORES,22
BREST,CADIZ,22
SPITHEAD,SANTA CRUZ,22
NEW YORK,ANTIGUA,22
MONTERREY,SAN BLAS,22
MALAKKA,COLOMBO,22
SPITHEAD,LISBON,22
SPITHEAD,CRUISE IN WESTERN APPROACHES,22
BATAVIA,PAPENBERG,22
BATAVIA,SAMARANG,22
DELAWARE,ANTIGUA,22
MALLACA TOWN,MONOPIN HILL,21
UNKNOWN,KAAP LA HOU,21
MADEIRA,PRINCE RUPERTS BAY,21
PLACENTIA HARBOUR,LISBON,21
UNKNOWN,OCRACOKE,21
NEW YORK,CHARLESTOWN,21
CHURCHILL,LONDON,21
CAPE CLEAR,SPITHEAD,21
TENERIFFE,HALIFAX,21
SURAT,ADEN,21
PORTSMOUTH,NEWFOUNDLAND,21
"ST JOHNS, ANTIGUA",HALIFAX,21
PULO TIMOAN,MANILLA,21
NEDERLAND,ST CRUZ,21
PORTO PRAIJO,ALLERHEILIGEN BAAIJ,21
PORT ROYAL JAMAICA,WOOLWICH,21
TALCAGUANA,ILE DE PAQUE,21
ANTIGUA,FALMOUTH,21
NORFOLK,HELLEVOETSLUIS,21
LA HABANA,VERACRUZ,21
MAYO CAPE VERDE ISLANDS,SPITHEAD,21
SPITHEAD,CHARLESTOWN,21
SPITHEAD,LEEWARD ISLANDS,21
PLYMOUTH,ST JOHN NEWFOUNDLAND,21
DIEGO GARCIA,COLOMBO,21
CURAÇAO,LA GUAIJRA,21
LIZARD,FYALL BAY,21
SOURATTE,PUNTE GALE,21
MUSCAT,BOMBAY,21
HELLEVOETSLUIS,MINORCA,21
HALIFAX,JAMAICA,21
BATAVIA,WAMPOE,21
CAPE LAGULAS,ST HELENA,21
CHARLES TOWN,LISBON,21
CURACAO,"ST EUSTACIUS, ST MAARTEN",20
SANTA CATHALINA,PUERTO DE MONTEVIDEO,20
TILLICHERRY,MOCHA,20
CÁDIZ,A LA MAR ? CÁDIZ?,20
DESCONOCIDO,BAHÍA DE MATANZAS (CUBA) Y LA HABANA,20
JOHANNA,BOMBAY,20
"TANGIER BAY, CHESAPEAKE","CUMBERLAND ISLAND, FLORIDA",20
CAPE RAY (NEWFOUNDLAND),SPITHEAD,20
HAVANA,CURACAO,20
NAGEPATNAM,BELLESOOR,20
FUNCHAL,CADIX,20
ST PIERRE BAY MARTINICO,ST JOHNS NEWFOUNDLAND,20
SURAT,MUSCAT,20
NEDERLAND,LERWICK,20
CÁDIZ,LISBOA-FERROL,20
RIVER OF ST LAWRENCE,SPITHEAD,20
PALLIACATTE,MALAKKA,20
NOKA,MONTERREY,20
MALTA,PORT MAHON,20
TERNATTEN,BANDA,20
BATAVIA,DIEGO GARCIA,20
NEDERLAND,TANGER,20
CAPE LOUGAN,CARLISE BAY,20
I. DEL CUERVO,PUERTO DE SANTA MARÍA,20
MARTINIQUE,ST PIERRE,20
JAMAICA,CURACAO,20
NEW YORK,BOSTON (CRUISING),20
ST MARTHA,CURACAO,20
AZOREN,HELLEVOETSLUIS,20
SPITHEAD,CRUISE TO AZORES,20
ST HELENA,SIMONS BAY,20
HALIFAX,FROWARD POINT (ENGLAND),20
"MURRAY'S ANCHORAGE, BERMUDA",EGG ISLAND,20
CARLISLE BAY,BARBADOS,20
ALGECIRAS,CÁDIZ,19
MADEIRA,ST EUSTATIUS,19
PENSICOLA FLORIDA,"THE DOWNS, UK",19
BOMBAY,BENGALL,19
MORAO DE COPIAPO,EL CALLAO,19
"ST JOHNS, NEWFOUNDLAND",HALIFAX,19
CAPE PILLAR,MASA FUERA,19
CAPE SPEAR (NEWFOUNDLAND),CADIZ,19
CEIJLON,COROMANDEL,19
BOUTON,SURABAYA,19
CAPE LOUGAN,CARLISLE BAY,19
SPITHEAD,"SANTA CRUZ, TENERIFE",19
ST. MAARTEN,SURINAME,19
SPITHEAD,ST JOHNS (ANTIGUA),19
SURINAME,ST EUSTATIUS,19
SURAT,MOCHA (MOKHA),19
ST AUGUSTINE (FLORIDA),CHARLESTOWN,19
HUDSON BAY,GRAVESEND,19
MENADO,MACASSER,19
SURSOGON,CAVITE,19
KEDGEREE,MALACCA STRAITS,19
KEMA,MAKASSAR,19
BASSE TERRE,DESEADA,19
SPITHEAD,FUNCHAL ROADS,19
TENERIFE,CHARLES TOWN,19
CHESAPEAK,SPITHEAD,19
NOVA SCOTIA,SPITHEAD,19
CAPE,ST HELENA,19
LA HABANA.,CÁDIZ,19
KLEIN POPOO,RIO CAMEROUN,19
SPITHEAD,FUNCHAL ROAD (MADEIRA),19
EASTER ISLAND,MARQUESAS,19
TEXEL,PORTO PRAIJO,19
THE DOWNES,ST JOHNS,19
"THE WELLS, BERMUDA",SPITHEAD,19
SMEERENBERG,DEPTFORD,19
CALCUTTA,MADRAS,19
CONCEPCIÓN (CHILE),CALLAO (LIMA-PERÚ),19
SANTA CATALINA,SANTA CATALINA,19
MACAO,MIRABELLE,19
WEST AFRIKA,AXIM,18
PLYMOUTH,MADERIA,18
ST AUGUSTINE,CAPE OF GOOD HOPE,18
SADERASS,COLLEMOYE,18
CURACAO,MARTINIQUE,18
MADEIRA,TEXEL,18
HALIFAX,CHARLESTON,18
CORK,MADEIRA,18
SAINT PIERRE-TERRE NEUVE,BREST,18
AMSTERDAM,LIVERPOOL,18
CURACAO,OMOA,18
POLLILO,SURSOGON,18
SINGAPORE STRAIGHT,WAMPOE,18
ST JOHNS,CAPE ST VINCENT,18
FLORIDA,NOVA SCOTIA,18
GIBRALTAR,PORT ROYAL JAMAICA,18
MALDONADO,RIO DE JANEIRO,18
KINSALE,HALIFAX,18
GAMBIA RIVER,CAPE COAST,18
CARTAGENA,CADIZ,18
KINGSALE,GIBRALTAR,18
SPITHEAD,FENSHALL ROAD (ANTIGUA),18
SAMBVANGAN,MANILA,18
VALPARAISO,ARIKA,18
NEW YORK,UK,18
FALMOUTH,LISBON,18
ROCHEFORT,FERROL,18
CURACAO,ST. EUSTACIUS,18
UNKNOWN,BOMBAY,18
JOANNA,MADRAS,17
TOULON,MALAGA,17
PLYMOUTH,MONSERRAT,17
CONCEPCIÓN (CHILE),EL CALLAO (PERÚ),17
CÁDIZ,TÁNGER (Y VUELTA),17
PALEMBANG RIVER,BATOWIA ROAD,17
DAVILICAN BAAI,POLLILO,17
SANDY HOOK,CAPE COD,17
HALIFAX,UK,17
HALIFAX,CHARLESTOWN,17
SANTA CATALINA(BRASIL),MONTEVIDEO,17
LOUISBOROUGH (HALIFAX),HAMMOZE UK,17
CÁDIZ,CARTAGENA (ESPAÑA),17
BATAVIA,SOERABAIJA,17
FUNCHAL,FALMOUTH,17
ST KITTS,HALIFAX,17
BEZOEKI,PANAROEKAN,17
DEPTFORD,MADEIRA,17
ANGUILLA,CARLISLE BAY,17
GUERNSEY,MADEIRA,17
CADIZ,COCKHAM WOOD UK,17
LIZARD,ST JAGO,17
CAMPECHE,LA HABANA,17
LIZARD,LISBON,17
CADIZ,CABO BUENA ESPERANZA,17
ANTIGUA,PLYMOUTH,17
CAPE HENRY,ASHLEY RIVER,17
NEGRAIS BURMA,MADRAS,17
MANILA,BATAVIA,17
LISBON,ENGLAND,17
CURACAO,HAVANNA,17
NAGAPATNAM,COROMANDEL,17
QUEBEC,CORK,17
CURACAO,LA GUAIRA,17
CUL DE SAC,CAP FRANCAISE,17
AIX ROAD,PLYMOUTH,17
SALDANHA BAY,ST HELENA,17
FORT ST GEORGES,TRINCONOMALLE,17
CADIZ,LISBON,17
MOCHA (ARABIAN PENINSULA),BOMBAY,16
HELLEVOETSLUIS,MALAGA,16
PORT EGMONT,CRUISING,16
MALAGA,CARTAGENA,16
SIERRA LEON,DIX COVE,16
PLYMOUTH,ST JAGO,16
YORK IN VIRGINIA,CHARLESTOWN,16
ACCRAW,ST THOMAS,16
ACHEEN,MADRAS,16
HELLEVOETSLUIS,PORT MAHON,16
FREETOWN,ST GEORGE D'ELMINA,16
NARVICK,ROTTERDAM,16
CURACAO,VERA CRUZ,16
CURAÇAO,NEW YORK,16
MONTEVIDEO,DE LA SOLEDAD (MALVINAS),16
PLYMOUTH,PLACENTIA BAY NEWFOUNDLAND,16
MIDDELLANDSE ZEE,NEDERLAND,16
BREST,DESCONOCIDO,16
CADIZ,UK,16
RHODE ISLAND,ANTIGUA,16
HAVANNA,UK,16
SAMARANG,MACAO,16
CARTAGENA,MAHÓN,16
MADRAS,CALCUTTA,16
ST JUAN DE NICARAGUA,ST MARTHA,16
"ST JOHNS, NEWFOUNDLAND",UK,16
DUINS,PORT MAHON,16
ST JOHNS,GIBRALTAR,16
FORT ST DAVID,ST HELENA,16
BAAI VAN ROATAN,ST JUAN DE NICARAGUA,16
PORT DESIRE,CAPE VIRGIN,16
LISBON,ST JOHNS NEWFOUNDLAND,16
CAPE VIRGIN,PORT DESIRE,16
BATAVIA,ZIAM,16
CHARLESTOWN,DEPTFORD,16
POPO,CAMARONES,16
LISSABON,FUNCHAL,16
ANTIGUA,DELAWARE,16
SHEERNESS,NORTH CAPE,16
TERNATE,MENADO,16
SPITHEAD,TENERIFE,16
BOSTON,UK,16
CAPE OF GOOD HOPE,PLYMOUTH,15
"ST MICHAELS, AZORES",BARBADOS,15
WYDAH,BARBADOS,15
VIZAGAPATNAM,CAPE NEGRAIS BURMA,15
BERMUDA,"FAYAL, AZORES",15
ADEN,BOMBAY,15
PORTO PRAYA,PORTSMOUTH,15
GALAPAGOS,PANAMA,15
ST LUCIA,NEW YORK,15
RIOUW,PADANG,15
GIBRALTAR,CADIZ,15
GIBRALTAR,TEXEL,15
NEDERLAND,ZUIDEN,15
PUERTO DE BRESTE,LA CORUÑA,15
EPPE,CAMMEROENES,15
BRAAMSPUNT,ST EUSTATIUS,15
NIEUWEDIEP,BRISTOL,15
LANGLE,CASTRIES,15
"NEW LONDON, CONNECTICUT",PLYMOUTH,15
ST JOHNS (NF),SPITHEAD,15
MADEIRA,PORTO PRAYA,15
TOULON,LA CARBONIERE,15
BARBADOS,NEWFOUNDLAND,15
CÁDIZ,GIBRALTAR,15
MALACCA TOWN,MONOPIN HILL,15
LOUISBOURG,LOUISBOURG,15
LISBON,PORTSMOUTH,15
JAMAICA,SANDY HOOK,15
THE NORE,QUEBEC,15
HALIFAX,RHODE ISLAND,15
SAN THOMÉ,RAMMEKENS,15
MADEIRA,DOMINICA,15
WAMPOA,MALACCA,15
CARRICK ROAD,FUNCHAL ROAD,15
BERMUDA,NEW PROVIDENCE BAHAMAS,15
ST JOHNS (NEWFOUNDLAND),LISBON,15
CAPE FEAR,NEW YORK,15
NEWFOUNDLAND,LISBON,15
PORTLAND,BARDADOS,15
ST JOHN'S NEWFOUNDLAND,SPITHEAD,15
POINT PALMIRAS,MADRAS,15
ELMINA,PRINSSE EILAND,15
MALACCA,MACAO,15
PORTO RICO,ST EUSTATIUS,15
STA CATALINA (BRASIL),MONTEVIDEO,15
SPITHEAD,FUNCHAL ROAD,15
STRAAT VAN BANKA,BATAVIA,15
PADANG,TAPANOLIE,14
UK,MADEIRA,14
BONROU,BOUTON,14
CURACAO,CURACAO,14
MADERIA,SIERRA LEONE,14
BARBUDA,BARBADOS,14
BATAVIA,SOERABAJA,14
MALAGA,HELLEVOETSLUIS,14
MAHE,TRINCOMALEE,14
ST HELENS,FUNCHAL ROAD,14
INDISCHE ZEE,SIMONSBAAI,14
ST HELENA,BLACKWALL UK,14
CAICOS,UK,14
AMBON,SOURABAIJA,14
ROTTERDAM,BORDEAUX,14
PYLSTAERT (NR TONGA),NEW ZEALAND,14
MONSERRAT,RIO DE JANEIRO,14
LISBON,KINSALE,14
COASTAL,NORTH SEA,14
BATAVIA,SOURABAYA,14
ENSENADA DE MONTEVIDEO,SANTA CATALINA,14
LISBON,SHERNESS,14
CHARLESTOWN,HALIFAX,14
LERWICK,HELLEVOETSLUIS,14
JAVA HEAD,TRINCOMALE,14
TERRE NEUVE,BREST,14
CAPE HENRY,CAPE LAHABE,14
JAMAICA,HALIFAX,14
TEXEL,FUNCHAL,14
LISBON,START,14
ST JOHN'S HARBOUR NEWFOUNDLAND,SPITHEAD,14
RIO DE JANEIRO,MONTEVIDEO,14
LIZARD,CAPE ST MARIE,14
LA GUAYRA,CURACAO,14
KEGERREE,NORTHFLEET,14
FUNCHAL ROAD,BARBADOES,14
"ST JOHNS, NEWFOUNDLAND",CADIZ,14
ST JOHNS NEWFOUNDLAND,SPITHEAD,14
NEW YORK,NEW YORK,14
ST JOHNS NEWFOUNDLAND (CRUISE OF GRAND BANKS),ST JOHNS NEWFOUNDLAND,14
KINSALE (EIRE),MADEIRA,14
"CROQUE, NEWFOUNDLAND","FERCERA, NEAR ST MICHAELS",14
PLACENTIA ROAD,LISBON,14
BOMBAY,CANTON,14
CREW SETRA,DIXCOVE,14
ST EUSTATIUS,PARIMARIBO,14
SAMARANG,BATAVIA,14
UNKNOWN,BATAVIA,14
VERA CRUZ,HAVANA,14
BATAVIA,STRAAT BANKA,13
PULO PERRA,MADRAS,13
CROOKHAVEN,HALIFAX,13
WAMPOE,ACHEEN,13
CURACAO,HAVANNAH,13
GIBRALTAR,ALGIERS,13
BERMUDA,MONA ISLAND,13
GIBRALTAR,TOWARDS CADIZ,13
FORT ZEELANDIA,PORTO KABELLO,13
MARVILE MADAGASCAR,"FORT DAUPHIN BAY, MADAGASCAR",13
ST MAARTEN,PARAMARIBO,13
FORT AMSTERDAM,ST EUSTATIUS,13
FERROL,CÁDIZ,13
FORT DAUPHIN,SIMON'S BAY,13
GIBRALTAR,LISBON,13
ST THOMAS,CORK,13
"FAYAL, AZORES",ST JOHNS NEWFOUNDLAND,13
JAMAICA,PLYMOUTH,13
BENKULEN,RODRIGUEZ,13
"CAGLIARI, SARDINIA","ALEXANDRIA, EGYPT",13
ROXENT,SOINCIJ BAAI,13
TENERIFFE,ST CHRISTOPHER,13
DIEGO RAY,MAURITIUS,13
ANTIGUA,CHARLES TOWN,13
DEPTFORD,CRUISING OFF USHANT,13
DESCONOCIDO,EL CALLAO,13
DOWNS,TOWARDS NETHERLANDS,13
NIEUWEDIEP,LISSABON,13
DOWNS,HAVRE,13
DOWNS,MADEIRA,13
LIORNA,CARTAGENA,13
CAEN,PORTSMOUTH,13
HALIFAX,ST MICHAELS,13
CURAÇAO,ST. MAARTEN,13
ACCRA,CAAP ST JAN,13
ALLICANTEN,LISSABON,13
MONTEVIDEO,SANBORONBOM - MONTEVIDEO,13
CAPE OF GOOD HOPE,JAVA HEAD,13
HALIFAX,ST GEORGES BERMUDA,13
CURACAO,GUADELOUPE,13
PUNTO GALE,COASTAL TO COCHIN,13
MADEIRA,GAMBIA,13
PLYMOUTH,"YORK HARBOUR, NEWFOUNDLAND",13
ZIAM,MALAKKA,12
YARMOUTH,MADEIRA,12
BOMBAY,ACHEAN ROAD,12
CARTAGENA,NÁPOLES,12
EUROPA,MADERE,12
FALMOUTH,MADEIRA,12
FUNCHAL,FUNCHAL,12
LA HABANA,SAN AGUSTIN DE LA FLORIDA,12
MARTINIQUE,CAP FRANCOIS,12
PORTSMOUTH,GIBRALTAR,12
FLAT POINT,BANJAR ROAD,12
NEW YORK,LOUISBOURG,12
PORTSMOUTH,LISBON,12
CAPE CORSE CASTLE,ST THOMAS,12
NEDERLAND,NEWPORT,12
NEW LONDON,CARLISLE BAY,12
ST JOHNS,"ST JOHNS, CRUISING GRAND BANKS",12
PORT ROYAL JAMAICA,BERMUDA,12
SPITHEAD,"AQUOFORT HARBOUR, NEWFOUNDLAND",12
SPITHEAD,QUEBEC,12
DE LA SOLEDAD (MALVINAS),RIO DE LA PLATA,12
TIMOR,BANDA,12
TIRIKUNAMALAYA,GALLE,12
ANGUILLA,KINSALE,12
QUEBEC,SPITHEAD,12
CAPE NICHOLAS (SANTO DOMINGO),CHARLESTOWN,12
GOA ROAD,BOMBAY,12
BARNSTABLE BAY,BERMUDA,12
MEEUWEBAAI,BATAVIA,12
CANTON,CAVITA,12
RIVER GAMBIA,RIVER SERRALIONE,12
KAAP VERDE,CARIBEAN,12
EGG ISLAND,"MURRAY'S ANCHORAGE, BERMUDA",12
TENERIFE,W AFRIKA,12
CHARLESTOWN,"PORT ROYAL, JAMAICA",12
ST JOHNS,ST JOHNS,12
SANTA CRUZ,SENEGAL,12
AMBON,SOERABAJA,12
CADIZ,PORTSMOUTH,12
SPITSBERGEN,NOORDZEE,12
LOUISBOURG,QUÉBEC,12
TORBAY,NEW YORK,12
CORK,FUNCHAL,12
TORBAY,MADEIRA,12
PLYMOUTH,ST LAWRENCE,12
CURACAO,MARGUERITA,12
CURACAO,PUERTO CABELLO,12
CURACAO,PORTO RICO,12
CADIZ,TENERIFE,12
TRUXILLO,HAVANA,12
BRUNSWICK,CAPE FEAR,12
PLYMOUTH,FUNCHAL,12
CURACAO,ST MARTIN,11
VALPARAISO,CALLAO,11
BATAVIA,STRAAT SAPOEDIE,11
MADEIRA,ST JOHNS ANTIGUA,11
SANDY HOOK,ANTIGUA,11
CURAÇAO,ST MARTIN,11
SAVANNAH,SAVANNAH,11
MAHON,CARTAGENA,11
RIVIER KOMMEWIJNE,CURACAO,11
NEWFOUNDLAND,SPITHEAD,11
ELMINA,GOLF VAN GUINEEGUINEA,11
ENGLAND,GIBRALTAR,11
LA HABANA,CAMPECHE,11
CHARLESTON,BOSTON,11
LISSABON,MADEIRA,11
NOKA,BUCARELY,11
ST HELENA,FALMOUTH,11
TEXEL,PLYMOUTH,11
SENEGAL,PORTENDIE,11
PLYMOUTH,ST JOHNS NEWFOUNDLAND,11
COCHIN,BOMBAY,11
TONGATABOU,NOUVELLE CALEDONIE,11
BASSE TERRE,CHATHAM,11
ST PIERRE,LE BAYE DU CROC,11
BERMUDA,CHESAPEAKE,11
BERMUDA,SHELBURNE HARBOUR,11
BASQUE ROAD,CORK,11
ST JOHNS ANTIGUA,WOODMANS BAY DOMINICA,11
MANILLA,PENANG,11
SPITHEAD,PLACENTIA,11
ACAPULCO,ST BLAS,11
LA VALETTA,SMIRNA,11
JAMAICA,NEWFOUNDLAND,11
NEW YORK,DOWNS,11
START POINT,BOMBAY,11
FERROL,CARTAGENA,11
SURINAME,BARBADOS,11
TALCAHUANO,VALPARAISO,11
ST HELENS,LA ROCHELLE,11
HALIFAX,"MURRAY'S ANCHORAGE, BERMUDA",11
BATAVIA,CHILATJAP,11
FALMOUTH,NEWFOUNDLAND,11
LERWICH,TEXEL,11
MACASSER,BATAVIA,10
TRINCOMALEE,MERGUI ROAD (BAY OF BENGAL),10
CADIZ,TENNERIFE,10
HAMPTON ROAD,HAILFAX,10
MADAGASCAR,JOHANNA,10
ST EUSTACIUS,LA GUAIJRA,10
MONTEVIDEO,ISLA DEL PRINCIPE (GUINEA),10
VALPARAISO,CHERILLOS,10
VERA CRUZ,HAVANNA,10
SAMARAS,BATAVIA,10
MADEIRA,PORTA PRAYA,10
TORBAY UK,ST JOHNS,10
PARAMARIBO,ST MAARTEN,10
HAMPTON ROAD VIRGINIA,BOSTON,10
NAGAPATAM,RODRIQUEZ,10
BATAVIA,CHERIBON,10
LISBON,DUNGERNESS,10
SPITHEAD,BARBADOES,10
AXIM,CAAP LAHOE,10
CHARLESTOWN,"PORT ROYAL, SOUTH CAROLINA",10
SIERRA LEONE,ST JAGO,10
TORBAY,GIBRALTAR,10
DEMMERARIJ,ST EUSTATIUS,10
TAGUS,CRUISING OFF TAGUS,10
SMYRNA,MALTA,10
LISBON,START POINT ENGLAND,10
TENERIFFE,ANTIGUA,10
RIO GABON,ST.THOMEE,10
LA CARBONIERE,MALAGA,10
ST THOMAS,BELIZE,10
FORT WILLIAM,HALIFAX,10
MARQUESAS,TAHITI,10
SUFTREN,LANGLE,10
STRAAT BANKA,MALAKKA,10
MARSEILLE,GIBRALTAR,10
FLORIDA BLANCA,SURGIDERO DE SAN ROQUE,10
PORTSMOUTH,FUNCHAL,10
BASSE TERRE,HALIFAX,10
BASSE TERRE,ANTIGUA,10
MAPULIPATAM,CUDDALORE,10
BOSTON,HAMPTON ROAD VIRGINIA,10
PLYMOUTH,"FERMOUSE, NF",10
PLYMOUTH,FAYAL ROAD AZORES,10
ST EUSTACIUS,CURAÇAO,9
BARCELONA,CADIZ,9
BATAVIA,RIOUW,9
ST AUGUSTINES,JOHANNA,9
AMSTERDAM,ST GEORGE D'ELMINA,9
BATAVIA,UNKNOWN,9
TRINIDAD (CUBA),TRINIDAD (CUBA),9
CURACAO,CUBA,9
CAPE LAGUALLAS,UK,9
CARNAR,TELLYCHERRY,9
BELIZE,HAVANA,9
MADRAS,PULO TIMOAN,9
BATAVIA,SOURABAIJA,9
PARAMARIBO,ST ANNABAAI,9
CAPE COAST,PRINCES ISLAND,9
NIEUWEDIEP,LIVERPOOL,9
NEWPORT RHODE ISLAND,ANTIGUA,9
VERACRUZ.,LA HABANA,9
CRANY ISLAND,BRUNSWICK,9
PHILADELPHIA,BALTIMORE,9
VIRGINIA,NEW PROVIDENCE,9
BOSTON,HALIFAX,9
MANGASEER ROAD,GOA ROAD,9
RIVER SERRALIONE,CAPE MOUNT,9
ANTIGUA,BERMUDA,9
MARSEILLE,ALLICANTEN,9
DIEGO GARCIA,PORT LOUIS,9
MAHÓN,TARRAGONA,9
CHIBUCTO HARBOUR (HALIFAX),SANDY HOOK (NEW YORK),9
CANARIA,PORTE PRAIJO,9
FLORIDA KEYS,CHARLESTOWN,9
SURGIDERO DE SAN ROQUE,NOKA,9
PORT MULGRAVE,NORFOLK SOUND,9
ST HELENA,TRINIDADA,9
CAPE ST VINCENT,LISBON,9
PANAROEKAN,BATAVIA,9
SENEGAL,GOREE,9
PORTO CABELLO,ST EUSTACIUS,9
ST JAGO,GOREE,9
TIRIKUNAMALAYA,TIRIKUNAMALAYA,9
CÁDIZ,ALGECIRAS Y A CRUZAR LA BOCA DEL ESTRECHO,9
CHARLESTOWN,NORFOLK VIRGINIA,9
MINORCA,MALTA,9
MONA ISLAND,HAMPTON ROAD VIRGINIA,9
ARIKA,GUAYAQUIL,9
DUNGENESS,CAPE LAGULLAS,9
LOUISBOURG,SPITHEAD,8
PARAMARIBO,PARAMARIBO,8
PUERTO DE MONTEVIDEO,YSLA DE SANTA CATHALINA,8
BISCAY,PORTSMOUTH,8
SPITHEAD,NANTUCKET,8
BILBAO,ROXENT,8
SPITHEAD,CRUISING BAY BISCAY,8
RIO DE JANEIRO,MALDONADO,8
MAURITIUS,MAHE,8
CURACAO,MONA PASSAGE - CURACAO,8
GUADELOUPE,CURACAO,8
GIBRALTAR,CAPE ST VINCENT,8
NANTUSKET,NEW YORK,8
MADEIRA,ST JAGO,8
CURACAO,TRUXILLO,8
RAMHEAD,ST LAWRENCE,8
GUADELOUPE,CAP FRANCAIS,8
CURACAO,CRUISING TO ST DOMINGO AND BACK,8
MADRAS,ACHEEN ROAD (SUMATRA),8
MADEIRA,PORT PRAYA,8
AMBON,TERNATTEN,8
CURACAO,AGUADILLA,8
SINGAPORE,BATAVIA,8
BENGALEN,BATAVIA,8
DIEGO GARCIA,"TAMATAVE, MADAGASCAR",8
PORTE CABELLO,CURACAO,8
LA HABANA,CANAL DE BAHAMA,8
NEDERLAND,BILBAO,8
SOERABAJA,BATAVIA,8
RIO DE LA PLATA,RIO DE JANEIRO,8
LEVANTE,ALICANTE,8
NIEUWEDIEP,ST CRUZ,8
MONTEVIDEO.,LA HABANA,8
FALMOUTH,CADIZ,8
ST AUGUSTINES (FLORIDA),CHARLESTOWN,8
CURACAO,TIBURON BAAI,8
BONAIRE,LA GUAYRA,8
WAYGIOU,BONROU,8
SAN BLAS,ACAPULCO,8
MALTA,SMYRNA,8
CHARLESTOWN,FLORIDA KEYS,8
CHARLES TOWN,PROVIDENCE (BAHAMAS),8
ENGLAND,MADEIRA,8
JAGUS,PORTSMOUTH,8
LIZARD,CRUISING,8
LOUISBOURG,HALIFAX,8
FRUXILLO,VERA CRUZ,8
ST THOMAS,CURACAO,8
CANTON,JAVA,8
PORT EGMONT,PORT DESIRE,8
CARTAGENA,MAHON,8
CÁDIZ,MOGADOR,8
FUNCHAL,PORTA PRAYA,8
FRUXILLO,HAVANA,8
PLYMOUTH,CAPE FINNISTER,7
CEYLON,TRINCOMALEE,7
YORK HARBOUR (NEWFOUNDLAND),JOHN HARBOUR (NEWFOUNDLAND),7
WOAHOO,WYMOA BAY,7
LE BAYE DU CROC,ST PIERRE,7
ST MICHAELS,PLYMOUTH,7
HAMPTON ROAD (VIRGINIA),HALIFAX (CHIBUCTO HARBOUR),7
TRINCOMALEE,PUNTO GALE,7
FUNCHAL ROADS,ST JAGO (SAO TIAGO),7
LA CORUÑA,CÁDIZ,7
MADRAS,KEDGEREE,7
UNKNOWN,PARAMARIBO,7
MANILA,CANTON,7
"FAYAL, AZORES",MOTHERBANK,7
OEJONG SANKA,BATAVIA,7
LA GUAYRA,PORTE CABELLO,7
CAPE BRETON,NEW YORK,7
TENNERIFE,CADIZ,7
AMSTERDAM,TEXEL,7
PORT MAHON,MALTA,7
LISBON,MARGARET ROAD (ENGLAND),7
SPITHEAD,TENERIFFE,7
TRUNILLO,HAVANA,7
ST MAARTEN,CURAÇAO,7
BATAVIA ROAD,CHEREBON ROAD,7
BRISSEL,ORKNEY,7
MARGUERITA,CURACAO,7
ALGIERS,LIVORNO,7
CURACAO,FRUXILLO,7
BERMUDA,STATEN ISLAND,7
FUNCHAL ROAD,BARBADOS,7
NEVIS,GALLIONS REACH (UK),7
MADEIRA,GOREE,7
KINSALE ROAD,MADEIRA,7
MAHON,ALICANTE,7
MADRAS,TRINCOMALE,7
BAROES,PADANG,7
ASCENSION,PLYMOUTH,7
ASCENSION,TOWARDS EQUATOR,7
MONTEVIDEO,BUENOS AIRES,7
HALIFAX,QUEBEC,7
NEWFOUNDLAND,ST PAULS ISLAND,7
AMBOINA,TERNATE,7
DEMERARIJ,PARAMARIBO,7
NEW PROVIDENCE BAHAMAS,BERMUDA,7
FORT ROYAL,CAP,7
LEGHORN,TOWARDS GENOA,7
ST JOHN,UK,7
ANJANGO ROAD,TILLICHERRY FLAG,7
ANTIGUA,BARBADOES,7
FERROL,CADIZ,7
CAYENNE,CURACAO,7
BROUWERSHAVEN,HARTLEPOOL,7
SPITHEAD,HAMPTON ROAD,7
BATAVIA,GRISE,7
ST JOHN'S NEWFOUNDLAND,CADIZ,7
GUADELOUPE,CAP,7
ST THOMAS,ASCENSION,7
ST EUSTACIUS,BONAIRE,6
QUEBEC,PORTSMOUTH,6
ST MAARTEN,CURACAO,6
NEW CALEDONIA,NEW ZEALAND,6
SPITHEAD,MADERIA,6
KINSALE,BARBADOES,6
ST EUSTATIUS,BONAIRE,6
CAPE SIERRA LEONE,CAPE APPALONIA,6
PUERTO CABELLO,LA GUAYRA,6
PUERTO CABELLO,LA GUAIJRA,6
BUENOS AIRES,MONTEVIDEO,6
BAYONNE,BORDEAUX,6
MARTINIQUE,DOMINIQUE,6
RHODE ISLAND,VIRGINIA,6
SANDY HOOK (NEW YORK),YORK IN VIRGINIA,6
HAVANA,TRUVILLO,6
HAVANA,TRUXILLO,6
PORTSMOUTH,SANDY HOOK,6
OUDJONG PANCER,SAMARAS,6
MALAGUA,"DOMINIQUE, CADIX, MALAGUA ET RETOUR A BREST",6
SPITHEAD,"BIC ROAD, NF",6
FERROL HARBOUR,SPITHEAD,6
"FLAT ISLAND, MAURITIUS",ST MARYS MADAGASCAR,6
COAL HARBOUR,MONTAGUE ISLE,6
TERNAL,SUFTREN,6
CARTAGENA,PALMA DE MALLORCA Y BARCELONA,6
BREST,BELLE ISLE,6
TAFELBAAI,SIMONSBAAI,6
TELLYCHERRY,MANGASEER ROAD,6
CHARLESTOWN,HAMPTON ROAD (VIRGINIA),6
SURINAME,ST JACOBSBAAI,6
PORT PRAYA,"PORT EGMONT, FALKLAND ISLANDS",6
ARUBA,CURACAO,6
BRIZZLE HARBOUR,UK,6
RIVER TAGUS (LISBON),PORTSMOUTH,6
WIENEBAH,PRINCES EILAND,6
BOSTON,BARBADOS,6
CURACAO,ST DOMINGO,6
CURACAO,ST THOMAS,6
CURACAO,LAGUAYRA,6
VLISSINGEN,GUYANA,6
W AFRIKA,KAAP VERDE,6
BOMBAY,CARNAR,6
WESTRAY HEAD,BRISSELL HARBOUR,5
WEST INDIES,UK,5
CURACAO,LAGUAIJRA,5
SOERABAYA,PANGOOL,5
HALIFAX (NF),NEW YORK (STATTEN ISLAND),5
TENERIFFE,GAMBIA,5
TANGER,TENERIFFE,5
LAGUAYRA,PORTO CABELLO,5
SOINCIJ BAAI,WEST INDIE,5
SOERABAYA,TJILATJAP,5
ST MARTIN,CURACAO,5
ST ANNABAAI,PORTE CABELLO,5
SANDY HOOK,UK,5
GIBRALTAR,TRIPOLI,5
CURACAO,TRUNILLO,5
GASPY BAY,CHARLESTOWN,5
CAPE HENLOPEN,ST AUGUSTINE FLORIDA,5
ALICANTE,ALICANTE?,5
CURACAO,BAAI JACOMEL,5
MADERIA,GOREE,5
CURAÇAO,PUERTO CABELLO,5
CURAÇAO,PORTO CABELLO,5
LA GUAIRA,CURACAO,5
GUADELOUPE,BARBADOS,5
SPITHEAD,CORK,5
SHANGHAI,MACAO,5
PAL,RICHARD,5
SCHIEDAM,HELLEVOETSLUIS,5
CÁDIZ,A CRUZAR SOBRE HUELVA,5
CÁDIZ,CARTAGENA,5
OMOA,BELIZE,5
NEW YORK,NORFOLK,5
STATEN ISLAND,HALIFAX,5
ST. JUAN DE PORTE RICO,CURACAO,5
LISBON,LIZARD,5
LIVORNO,TOULON,5
OCRACOKE,SOUTHPORT,5
SOURABAIJA,SAMARANG,5
SOURABAIJA,BATAVIA,5
ST JACOBSBAAI,ST EUSTATIUS,5
BARBADOS,MONTSERRAT,4
PASGEROEANG,BANJOEWANGIE,4
BAAI JACOMEL,JAMAICA,4
HAVANA,FRUXILLO,4
BATAVIA,KRUISJENDE (BIJ FANARA),4
ST. EUSTACIUS,LA GUYARA,4
NEW YORK,CRUISING OFF SANDY HOOK,4
TORBAY,"ANTICOSTA ISLAND, NF",4
CADIX,MALAGUA,4
HAMPTON ROAD (VIRGINIA),CHIBUCTO HARBOUR (HALIFAX),4
PUERTO CABELLO,CARACAS,4
CURACAO,BONAIRE,4
ST MARTIN,CURAÇAO,4
PORTSMOUTH,NEW YORK,4
BATAVIA,OUDJONG PANCER,4
HOLLAND,SPITHEAD,4
PORT MAHON,LA VALETTA,4
BERGEN,DELFZIJL,4
SOURATTE,COCHIN,4
DUNGEONESS,BOMBAY,4
MEW BAY-JAVA,BOMBAY,4
SPITHEAD,UNKNOWN,4
BUCARELY,NOKA,4
CHARLES TOWN,NEW YORK,4
BOSTON,NEW YORK,4
AGUADILLA,ST. JUAN DE PORTE RICO,4
PORTSMOUTH,POUILLAC,4
WOAHOO,YAM BAY,4
SAMARANG,GRIZEE,4
BUCARELY,FLORIDA BLANCA,4
OWHYHEE,WOAHOO,4
BATAVIA,MAKASSAR,4
OPORTO,START,4
OEJONG SANKA,RAMBANG,4
PORT DESIRE,PORT EGMONT,4
BONAIRE,LA GUAIRA,3
HELLEVOETSLUIS,DUINS,3
GUADELOUPE,MARTINIQUE,3
CURAÇAO,BOCA CHICA,3
CHERIBON,OEJONG SANKA,3
SPITHEAD,PLYMOUTH,3
CURAÇAO,PORTO CAVALLO,3
CAPE MONIFERADO,CREW SETRA,3
CAPE MOUNT,CAPE MONIFERADO,3
NIEUWEDIEP,MAREGAT,3
ELBA,LEGHORN,3
SOERABAIJA,SAMARANG,3
TAPANOLIE,BAROS,3
CUBA,TRINIDAD (CUBA),3
MONTEVIDEO Y VUELTA,STA. CATHALINA (BRASIL),3
RAMBANG,SOERABAIJA,3
MADERE,TENERIFFE,3
BREST,ROCHEFORT,3
CARACAS,BRAGUES BAAI,3
RIO DE JANEIRO,VALPARAISA (CHILE),3
MARTINIQUE,CURACAO,3
MALAGA,CADISE,3
SCHAPENEILAND,SALDANNE BAAIJ,3
COASTAL,GULF OF GUINEE,3
COASTAL,SAMARANG,3
FORT BANJOEWANGIE,OEJONG SANKA,3
ANTIGUA,CURAÇAO,3
LA GUAIRA,"PORTE CABELLO, BONAIRE",3
START,NEW YORK,3
PORTO CABELLO,LAGUAIJRA,3
SOURABAYA,SOURABAYA,3
BAHÍA DE CÁDIZ,LEVANTE Y TORREVIEJA Y VUELTA,3
PARAMARIBO,DEMERARIJ,3
BATAVIA,OEDJONG PANKA,3
TOULON,MARSEILLE,3
FUNCHALL ROAD,TENERIFFE,2
MOUNTSBAAI,PLYMOUTH,2
MANETER,SEMARANG,2
BANDA,AMBOINA,2
LAGUAIJRA,PORTO CABELLO,2
WOLF ISLAND,HALIFAX,2
PORTO CABELLO,CURACAO,2
BATAVIA,LONDON,2
LA GUAYRA,PORTO CABELLO,2
BANDA,AMBON,2
TRINCOMALE,PALLIACATTE,2
PLYMOUTH,NIEUWENDIEP,2
COASTAL,BATAVIA,2
ST EUSTATIUS,ST MARTIN,2
MONTEVIDEO,SACRAMENTO,2
SEMARANG,BATAVIA,2
CARACAS,PUERTO CABELLO,2
AMSTERDAM,LONDON,2
CAPE HENRY,SPITHEAD,2
KINGSTON,MANZANILLA DE CUBA,2
LA GUAIJRA,CURAÇAO,2
BAROES,SINKEL,2
TAPANOLIE,BAROES,1
AMBON,AMBON,1
EL FERROL,"MONTEVIDEO (PRIMERO VAN A STA. CATALINA, BRASIL)",1
PUNTE GALE,COLOMBO,1
MIDDELBURG,RAMMEKENS,1
MONA ISLAND,"HAMPTON ROAD, VIRGINIA",1
PUERTO CABELLO,BONAIRE,1
SCHAPENEILAND,SCHAPENEILAND,1
LOUISBOURG,QUEBEC,1
COLOMBO,COCHIN,1
CÁDIZ?,DESCONOCIDO,1
ISLE DE RHÉ,L'ILE D'AIX,1
COASTAL,COASTAL,1
NORFOLK SOUND,PORT BANKS,1
BENKULEU,ST HELENA,1
PORT EGMONT,BRETTS HARBOUR,1
FOLTHA,FOLTHA,1
RIO GABON,ST. THOMEE,1
FERROL,CÁDIZ?,1
DIXCOVE,ACCRAW,1
ST MAARTEN,ST THOMAS,1
MONTEVIDEO,ISLA SANTA CATALINA (BRASIL)Y VUELTA,1
HELLEVOETSLUIS,HELLEVOETSLUIS VIA KAAP DE GOEDE HOOP EN NOORWEGEN,1
HELLEVOETSLUIS,WEST-INDIE,1
L'ISLE D'AIX,L'ISLE DE RÉ,1
MARTINIQUE,GUADELOUPE,1
BONAIRE,CURACAO,1
ST EUSTATIUS,ST MAARTEN,1
BAAIJ FALSO,SIMONSBAAIJ,1
SAN BLAS,SAN LORENZO DE NUCA Y VUELTA,1
ROCHEFORT,ROCHEFORT,1
ALICANTE,ALIC.?,1
BRETTS HARBOUR,PORT EGMONT,1
SALDANNE BAAIJ,TAFELBAAIJ,1
PUERTO DE MONTEVIDEO,YSLA DE SANTA CATHALINAYSLA DE SANTA CATHALINA,1
                       VIENTO ESTE BONANCIBLE,", LA MAR ALGO PICADA DE ÉSTE ANOCHECIÓ LOS ORIZONT",1
